dlg file	Ligand	BC (kcal/mol)	Run	LC (kcal/mol)	Run	BCaa (kcal/mol)	Run	LCaa (kcal/mol)	Run	BCM (kcal/mol)	LCM (kcal/mol)	BCaaM (kcal/mol)	LCaaM (kcal/mol)	LC	Num in LC
P06737_1_847_1l5q_pdb_KYNU_PLP_1.dlg	KYN	-13.0	23	-13.0	23	-8.48	23	-8.48	23	-11.07	-11.07	-7.49	-7.49	1	14
O15382_28_392_1ekv_pdb_KYNU_PLP_1.dlg	KYN	-14.91	80	-14.47	23	-7.53	80	-6.09	23	-13.43	-13.15	-7.52	-6.5	3	36
Q6ZQY3_35_520_5hsj.1.A_swissmodel_KYNU_PLP_1.dlg	KYN	-11.46	15	-11.4	34	-6.49	15	-5.36	34	-11.46	-10.09	-6.49	-5.36	2	11
Q6YP21_41_450_3e2y.1.A_swissmodel_KYNU_PLP_2.dlg	KYN	-17.67	78	-17.67	78	-8.03	78	-8.03	78	-16.13	-16.13	-7.36	-7.36	1	54
Q4AC99_168_554_3ath.1.A_swissmodel_KYNU_PLP_1.dlg	KYN	-11.52	7	-10.59	64	-6.4	7	-3.72	64	-11.52	-9.31	-6.4	-3.69	2	16
P04181_1_439_2byl_pdb_KYNU_PLP_2.dlg	KYN	-10.05	94	-10.05	94	-5.75	94	-5.75	94	-8.93	-8.93	-4.94	-4.94	1	16
Q8TBG4_7_438_4ysn.1.A_swissmodel_KYNU_PLP_1.dlg	KYN	-8.21	40	-8.16	80	-5.71	40	-4.86	80	-3.17	-3.05	-3.72	-2.96	2	35
Q9Y697_67_457_5kz5_pdb_KYNU_PLP_8.dlg
Q16773_4_422_4wp0.1.A_swissmodel_KYNU_PLP_1.dlg	KYN	-14.41	77	-13.99	61	-7.12	77	-6.11	61	-12.61	-11.84	-6.11	-5.49	2	60
O15382_28_392_1kta_pdb_KYNU_PLP_1.dlg	KYN	-15.59	67	-15.59	67	-7.23	67	-7.23	67	-13.05	-13.05	-6.33	-6.33	1	45
P11216_22_840_5iko.1.A_swissmodel_KYNU_PLP_1.dlg	KYN	-13.96	10	-13.52	44	-6.31	10	-6.47	44	-12.36	-12.2	-6.1	-6.3	2	26
Q9Y697_67_457_5kz5_pdb_KYNU_PLP_6.dlg
P0DN79_41_550_4l3v.1.A_swissmodel_KYNU_PLP_1.dlg	KYN	-5.04	28	-1.5	11	-4.83	28	0.44	11	0.35	3.66	-4.08	2.79	2	16
O15382_28_392_5i60_pdb_KYNU_PLP_2.dlg	KYN	-14.32	86	-13.18	14	-6.73	86	-4.41	14	-13.09	-12.0	-6.32	-4.71	3	21
P11216_22_840_5iko.1.A_swissmodel_KYNU_PLP_4.dlg	KYN	-13.84	67	-13.42	6	-6.38	67	-4.85	6	-12.41	-12.23	-6.3	-5.27	3	26
P11926_1_461_2on3_pdb_KYNU_PLP_2.dlg	KYN	-11.1	89	-11.1	89	-5.05	89	-5.05	89	-9.89	-9.89	-4.43	-4.43	1	9
P20711_1_480_3rbf.1.B_swissmodel_KYNU_PLP_2.dlg	KYN	-11.3	25	-11.3	25	-3.2	25	-3.2	25	-9.71	-9.71	-3.24	-3.24	1	17
Q9Y697_67_457_5kz5_pdb_KYNU_PLP_5.dlg
P06737_1_847_1l5r_pdb_KYNU_PLP_1.dlg	KYN	-13.16	35	-11.54	58	-6.31	35	-6.66	58	-11.48	-10.51	-6.04	-6.01	9	22
P11216_22_840_5iko.1.A_swissmodel_KYNU_PLP_3.dlg	KYN	-13.6	21	-13.42	64	-6.4	21	-5.0	64	-12.53	-11.9	-6.26	-5.3	3	27
P04181_1_439_2oat_pdb_KYNU_PLP_3.dlg	KYN	-10.94	62	-10.76	23	-4.72	62	-6.27	23	-10.43	-9.54	-4.47	-5.56	2	50
Q96I15_8_445_3gzc_pdb_KYNU_PLP_1.dlg	KYN	-10.06	91	-8.34	66	-6.69	91	-6.14	66	-7.61	-6.55	-5.18	-5.01	4	24
O15382_28_392_5cr5_pdb_KYNU_PLP_1.dlg	KYN	-15.79	34	-15.79	34	-6.36	34	-6.36	34	-13.35	-13.35	-5.98	-5.98	1	41
P06737_6_839_1fa9.1.A_swissmodel_KYNU_PLP_1.dlg	KYN	-14.25	36	-14.25	36	-5.95	36	-5.95	36	-13.1	-13.1	-5.58	-5.58	1	17
Q96I15_29_444_3gzc.1.A_swissmodel_KYNU_PLP_2.dlg	KYN	-9.74	24	-8.6	58	-6.46	24	-2.4	58	-9.46	-7.67	-6.42	-2.22	4	13
Q96GA7_11_328_2rkb_pdb_KYNU_PLP_1.dlg	KYN	-13.88	2	-12.16	41	-8.02	2	-5.76	41	-12.74	-11.44	-7.47	-5.97	7	10
P11216_1_843_5ikp_pdb_KYNU_PLP_1.dlg	KYN	-16.07	45	-16.07	45	-2.64	45	-2.64	45	-13.61	-13.61	-2.52	-2.52	1	33
P20711_1_383_1js6.1.A_swissmodel_KYNU_PLP_2.dlg	KYN	-11.25	93	-11.12	23	-4.58	93	-4.48	23	-11.25	-10.13	-4.58	-4.27	5	12
P04181_36_439_2byj.1.A_swissmodel_KYNU_PLP_2.dlg	KYN	-11.56	3	-11.56	3	-4.49	3	-4.49	3	-9.87	-9.87	-5.21	-5.21	1	24
P34896_8_483_1eji.1.D_swissmodel_KYNU_PLP_2.dlg	KYN	-11.42	31	-11.42	31	-7.05	31	-7.05	31	-9.92	-9.92	-6.66	-6.66	1	20
Q96I15_29_444_3gzc.1.A_swissmodel_KYNU_PLP_1.dlg	KYN	-11.18	46	-10.3	77	-7.33	46	-6.73	77	-7.38	-8.1	-5.43	-5.75	3	26
O15382_28_392_1kta_pdb_KYNU_PLP_2.dlg	KYN	-15.68	74	-15.68	74	-6.99	74	-6.99	74	-13.38	-13.38	-6.48	-6.48	1	35
P06737_1_847_1exv_pdb_KYNU_PLP_2.dlg	KYN	-12.87	83	-12.12	18	-6.85	83	-8.08	18	-11.74	-10.98	-6.55	-7.52	5	12
P06737_24_832_3ceh_pdb_KYNU_PLP_2.dlg	KYN	-13.05	20	-11.99	69	-6.5	20	-6.76	69	-11.55	-11.23	-6.03	-7.37	4	11
Q96EN8_35_495_5j8q.1.A_swissmodel_KYNU_PLP_1.dlg	KYN	-10.88	6	-8.62	41	-6.72	6	-6.31	41	-8.77	-6.9	-5.04	-5.64	4	38
Q16773_1_422_1w7n_pdb_KYNU_PLP_2.dlg	KYN	-16.51	84	-16.51	84	-7.2	84	-7.2	84	-14.24	-14.24	-5.78	-5.78	1	79
P21549_1_392_3r9a_pdb_KYNU_PLP_1.dlg	KYN	-12.16	92	-12.16	92	-6.42	92	-6.42	92	-8.25	-8.25	-5.87	-5.87	1	61
P21549_1_388_2yob_pdb_KYNU_PLP_2.dlg	KYN	-13.81	81	-13.81	81	-7.01	81	-7.01	81	-9.62	-9.62	-6.06	-6.06	1	36
P34897_43_504_4pvf.1.A_swissmodel_KYNU_PLP_4.dlg	KYN	-10.0	32	-9.38	58	-3.78	32	-6.9	58	-7.98	-7.45	-3.57	-6.0	2	32
P21549_1_392_4kxk_pdb_KYNU_PLP_1.dlg	KYN	-5.33	88	-5.33	88	-2.61	88	-2.61	88	-1.46	-1.46	-1.22	-1.22	1	15
P17174_14_412_3ii0_pdb_KYNU_PLP_1.dlg	KYN	-14.31	67	-12.23	29	-5.71	67	-5.84	29	-11.83	-9.26	-5.28	-3.09	3	33
O15382_28_392_2hg8_pdb_KYNU_PLP_1.dlg	KYN	-15.37	90	-15.31	49	-5.91	90	-7.0	49	-14.03	-13.4	-5.9	-6.24	2	30
P20711_1_480_3rbf_pdb_KYNU_PLP_2.dlg	KYN	-11.38	91	-10.36	8	-2.25	91	-5.95	8	-10.53	-8.96	-2.42	-5.98	3	10
Q9Y697_67_457_5kz5_pdb_KYNU_PLP_7.dlg
Q9GZT4_1_340_3l6b_pdb_KYNU_PLP_2.dlg	KYN	-12.06	94	-12.06	94	-6.72	94	-6.72	94	-9.01	-9.01	-5.59	-5.59	1	36
Q99259_93_594_2okj_pdb_KYNU_PLP_1.dlg	KYN	-11.98	12	-10.21	42	-7.12	12	-6.15	42	-9.68	-7.75	-6.27	-4.46	2	15
P32929_1_402_2nmp_pdb_KYNU_PLP_4.dlg	KYN	-9.72	34	-9.72	34	-4.61	34	-4.61	34	-6.0	-6.0	-3.99	-3.99	1	39
P23378_53_1006_4lgl.1.A_swissmodel_KYNU_PLP_2.dlg	KYN	-9.14	26	-8.74	6	-5.16	26	-5.48	6	-6.62	-7.21	-4.52	-4.46	2	24
O15382_28_392_5bwu_pdb_KYNU_PLP_1.dlg	KYN	-15.04	31	-14.83	1	-7.26	31	-7.55	1	-13.64	-13.1	-6.66	-6.82	2	19
Q9Y600_1_493_2jis_pdb_KYNU_PLP_1.dlg	KYN	-12.75	98	-12.75	98	-7.66	98	-7.66	98	-11.16	-11.16	-6.87	-6.87	1	21
P06737_1_847_1l5q_pdb_KYNU_PLP_2.dlg	KYN	-13.28	36	-12.55	13	-5.78	36	-7.58	13	-11.44	-11.32	-5.7	-7.27	4	20
Q16719_6_460_2hzp.1.A_swissmodel_KYNU_PLP_2.dlg	KYN	-9.21	10	-9.02	11	-4.9	10	-6.56	11	-9.21	-8.27	-4.9	-6.66	3	16
Q9Y617_17_370_3e77_pdb_KYNU_PLP_1.dlg	KYN	-11.21	97	-10.63	38	-4.65	97	-4.59	38	-10.15	-9.59	-4.29	-3.78	8	11
P06737_24_832_3cej_pdb_KYNU_PLP_1.dlg	KYN	-12.47	91	-12.46	4	-6.84	91	-8.13	4	-11.13	-10.7	-6.27	-6.75	2	16
Q05329_88_584_2okk_pdb_KYNU_PLP_1.dlg	KYN	-12.22	33	-12.22	33	-3.88	33	-3.88	33	-10.21	-10.21	-3.5	-3.5	1	12
Q9NUV7_105_529_4bmk.1.A_swissmodel_KYNU_PLP_2.dlg	KYN	-14.89	82	-14.89	82	-5.44	82	-5.44	82	-12.84	-12.84	-5.79	-5.79	1	43
P21549_1_392_1j04_pdb_KYNU_PLP_1.dlg	KYN	-14.26	64	-14.26	64	-7.44	64	-7.44	64	-11.46	-11.46	-6.81	-6.81	1	46
O15382_28_392_2hdk_pdb_KYNU_PLP_2.dlg	KYN	-14.65	53	-14.65	53	-5.6	53	-5.6	53	-12.82	-12.82	-5.55	-5.55	1	32
Q9GZT4_3_329_3l6r.1.A_swissmodel_KYNU_PLP_2.dlg	KYN	-11.68	47	-11.68	47	-6.6	47	-6.6	47	-7.96	-7.96	-5.09	-5.09	1	32
O15382_28_392_1kt8_pdb_KYNU_PLP_2.dlg	KYN	-15.61	66	-15.61	66	-6.94	66	-6.94	66	-13.28	-13.28	-6.3	-6.3	1	37
Q9Y697_67_457_5kz5_pdb_KYNU_PLP_4.dlg
P11216_1_843_5iko_pdb_KYNU_PLP_1.dlg	KYN	-15.3	24	-15.3	24	-6.59	24	-6.59	24	-13.31	-13.31	-6.43	-6.43	1	31
O15382_28_392_5hne_pdb_KYNU_PLP_1.dlg	KYN	-14.61	62	-12.51	3	-6.87	62	-5.59	3	-12.86	-11.47	-6.13	-5.46	5	15
Q16773_1_422_3fvs_pdb_KYNU_PLP_1.dlg	KYN	-14.41	85	-14.41	85	-6.52	85	-6.52	85	-11.48	-11.48	-6.56	-6.56	1	47
P04181_1_439_2oat_pdb_KYNU_PLP_2.dlg	KYN	-12.75	31	-11.55	1	-7.07	31	-5.13	1	-12.23	-10.09	-6.94	-5.27	2	49
P54687_21_386_2abj_pdb_KYNU_PLP_1.dlg	KYN	-14.55	59	-14.55	59	-6.42	59	-6.42	59	-12.44	-12.44	-6.13	-6.13	1	35
Q9Y617_17_370_3e77_pdb_KYNU_PLP_2.dlg	KYN	-12.26	75	-12.01	4	-7.38	75	-9.14	4	-11.64	-10.87	-7.41	-8.29	5	10
P17735_51_442_4ge9.1.A_swissmodel_KYNU_PLP_2.dlg	KYN	-10.59	61	-10.59	61	-5.82	61	-5.82	61	-8.41	-8.41	-5.94	-5.94	1	25
O15382_28_392_2a1h_pdb_KYNU_PLP_2.dlg	KYN	-15.45	7	-14.25	80	-5.69	7	-5.87	80	-13.76	-12.84	-6.14	-5.94	3	25
P21549_1_392_4kxk_pdb_KYNU_PLP_2.dlg	KYN	-8.46	10	-8.46	10	-5.57	10	-5.57	10	-4.17	-4.17	-3.1	-3.1	1	14
O15382_28_392_5i5x_pdb_KYNU_PLP_1.dlg	KYN	-14.66	94	-14.66	94	-7.44	94	-7.44	94	-13.19	-13.19	-6.62	-6.62	1	22
P17174_2_413_3wzf.1.A_swissmodel_KYNU_PLP_1.dlg	KYN	-13.12	2	-13.12	2	-4.04	2	-4.04	2	-12.02	-12.02	-4.53	-4.53	1	17
P21549_1_392_3r9a_pdb_KYNU_PLP_2.dlg	KYN	-12.35	87	-12.35	87	-6.53	87	-6.53	87	-8.62	-8.62	-5.3	-5.3	1	42
Q16773_1_422_3fvu_pdb_KYNU_PLP_2.dlg	KYN	-15.6	81	-14.15	24	-7.8	81	-7.72	24	-13.18	-12.87	-7.27	-6.83	2	29
Q8N5Z0_1_425_2xh1_pdb_KYNU_PLP_2.dlg	KYN	-14.4	97	-14.3	44	-6.09	97	-5.46	44	-12.55	-12.72	-4.86	-5.36	2	38
Q4AC99_134_553_1m7y.1.A_swissmodel_KYNU_PLP_1.dlg	KYN	-11.28	83	-11.28	83	-6.43	83	-6.43	83	-10.55	-10.55	-5.95	-5.95	1	15
P54687_1_386_2coi_pdb_KYNU_PLP_2.dlg	KYN	-13.94	8	-13.94	8	-5.57	8	-5.57	8	-12.5	-12.5	-5.46	-5.46	1	53
Q96QU6_55_475_1m7y.1.A_swissmodel_KYNU_PLP_1.dlg	KYN	-12.78	29	-10.44	18	-7.74	29	-4.79	18	-11.46	-9.52	-7.45	-4.49	12	11
Q16773_4_422_4wp0.1.A_swissmodel_KYNU_PLP_2.dlg	KYN	-14.47	38	-14.16	34	-8.13	38	-6.66	34	-12.57	-12.21	-6.64	-5.85	2	81
P04181_1_439_2oat_pdb_KYNU_PLP_1.dlg	KYN	-11.85	93	-11.85	93	-5.24	93	-5.24	93	-10.27	-10.27	-5.55	-5.55	1	41
O15382_28_392_5bww_pdb_KYNU_PLP_2.dlg	KYN	-15.1	79	-13.9	96	-7.15	79	-7.48	96	-13.4	-11.43	-6.71	-7.01	2	28
P20132_4_322_1p5j.1.A_swissmodel_KYNU_PLP_1.dlg	KYN	-15.74	29	-14.71	53	-7.18	29	-6.7	53	-13.57	-12.72	-6.42	-6.02	2	29
O15382_28_392_5i5w_pdb_KYNU_PLP_1.dlg	KYN	-15.34	14	-15.34	14	-6.26	14	-6.26	14	-12.82	-12.82	-5.74	-5.74	1	17
O15382_28_392_5bwr_pdb_KYNU_PLP_1.dlg	KYN	-14.42	21	-13.44	84	-6.11	21	-5.78	84	-13.34	-11.94	-6.09	-5.38	3	23
P17174_2_413_3wzf_pdb_KYNU_PLP_2.dlg	KYN	-14.27	17	-13.65	77	-6.38	17	-4.66	77	-12.18	-12.32	-5.83	-4.38	3	28
Q9BYV1_52_496_5g4i.1.A_swissmodel_KYNU_PLP_1.dlg	KYN	-11.52	13	-11.52	13	-5.25	13	-5.25	13	-10.25	-10.25	-5.09	-5.09	1	17
O15382_28_392_2hg8_pdb_KYNU_PLP_2.dlg	KYN	-15.29	85	-14.77	18	-9.08	85	-6.59	18	-13.27	-12.94	-9.04	-6.26	2	26
O15382_28_392_5bwv_pdb_KYNU_PLP_1.dlg	KYN	-15.58	6	-15.58	6	-8.1	6	-8.1	6	-13.96	-13.96	-7.21	-7.21	1	26
Q96I15_8_445_3gzd_pdb_KYNU_PLP_1.dlg	KYN	-11.17	17	-11.17	17	-6.96	17	-6.96	17	-8.65	-8.65	-5.88	-5.88	1	65
P17174_2_413_3wzf.1.A_swissmodel_KYNU_PLP_2.dlg	KYN	-13.48	56	-13.26	36	-4.72	56	-4.25	36	-12.07	-12.04	-4.3	-4.4	2	22
Q8IYQ7_1kl7.1.A_227_740_KYNU_PLP_1.dlg	KYN	-11.24	46	-10.23	45	-4.41	46	-4.69	45	-10.28	-9.49	-4.92	-4.38	5	25
O15382_28_392_5i5y_pdb_KYNU_PLP_2.dlg	KYN	-14.94	23	-14.94	23	-7.13	23	-7.13	23	-13.13	-13.13	-6.12	-6.12	1	43
Q9Y617_17_370_3e77.1.A_swissmodel_KYNU_PLP_1.dlg	KYN	-13.81	5	-13.81	5	-7.43	5	-7.43	5	-11.81	-11.81	-5.7	-5.7	1	18
Q96QU6_63_482_1ynu.1.A_swissmodel_KYNU_PLP_1.dlg	KYN	-13.72	9	-12.68	71	-6.85	9	-5.98	71	-10.85	-10.93	-5.51	-4.98	2	19
Q8TD30_49_523_3ihj_pdb_KYNU_PLP_2.dlg	KYN	-11.38	94	-11.18	84	-5.06	94	-4.39	84	-10.42	-10.08	-5.07	-4.18	2	15
P06737_1_847_1l5s_pdb_KYNU_PLP_4.dlg	KYN	-12.52	99	-12.23	26	-6.44	99	-8.22	26	-11.94	-9.93	-6.49	-6.45	5	13
P06737_1_847_1l5s_pdb_KYNU_PLP_1.dlg	KYN	-12.71	46	-11.96	83	-5.71	46	-6.9	83	-10.9	-10.4	-5.28	-6.14	6	15
P54687_21_386_2abj.1.A_swissmodel_KYNU_PLP_1.dlg	KYN	-12.97	51	-10.95	10	-6.78	51	-5.49	10	-11.91	-9.58	-6.16	-5.75	5	15
P11926_7_427_1d7k_pdb_KYNU_PLP_1.dlg	KYN	-11.85	51	-9.1	39	-7.14	51	-2.79	39	-11.85	-8.31	-7.14	-3.01	20	8
P32929_1_402_3cog_pdb_KYNU_PLP_1.dlg	KYN	-6.28	13	-6.28	13	-1.36	13	-1.36	13	0.37	0.37	0.68	0.68	1	13
P32929_1_402_2nmp_pdb_KYNU_PLP_1.dlg	KYN	-8.0	40	-7.96	43	-2.88	40	-4.09	43	-6.54	-3.49	-3.09	-3.76	2	32
Q16773_1_422_3fvx_pdb_KYNU_PLP_2.dlg	KYN	-14.4	29	-14.4	29	-6.23	29	-6.23	29	-11.7	-11.7	-6.38	-6.38	1	82
Q96I15_8_445_3gzc_pdb_KYNU_PLP_2.dlg	KYN	-9.39	61	-9.05	5	-4.53	61	-2.35	5	-9.17	-7.95	-4.19	-2.24	4	12
Q8N5Z0_1_425_2r2n_pdb_KYNU_PLP_2.dlg	KYN	-15.26	75	-14.58	58	-5.01	75	-5.07	58	-13.66	-13.34	-5.38	-5.48	3	26
P06737_24_832_3cem_pdb_KYNU_PLP_2.dlg	KYN	-13.58	23	-12.24	14	-6.82	23	-8.03	14	-12.37	-10.93	-6.72	-6.78	3	29
P32929_1_402_2nmp_pdb_KYNU_PLP_2.dlg	KYN	-10.93	32	-10.93	32	-5.87	32	-5.87	32	-9.63	-9.63	-5.58	-5.58	1	20
P32929_10_399_3cog.1.A_swissmodel_KYNU_PLP_2.dlg	KYN	-10.91	40	-10.91	40	-6.72	40	-6.72	40	-9.32	-9.32	-5.91	-5.91	1	12
P34896_8_483_1eji.1.D_swissmodel_KYNU_PLP_4.dlg	KYN	-9.89	71	-9.42	41	-5.6	71	-5.87	41	-8.84	-7.35	-5.56	-5.23	2	17
Q9HD40_1_501_4zdo_pdb_KYNU_PLP_2.dlg	KYN	-14.45	12	-14.45	12	-6.07	12	-6.07	12	-12.36	-12.36	-5.39	-5.39	1	16
P06737_2_847_1xoi_pdb_KYNU_PLP_1.dlg	KYN	-13.53	85	-13.06	31	-8.13	85	-8.13	31	-11.84	-12.0	-7.34	-7.38	4	17
P06737_1_847_1l5s_pdb_KYNU_PLP_3.dlg	KYN	-12.64	33	-11.5	76	-8.15	33	-5.62	76	-11.52	-10.92	-7.9	-5.52	4	14
Q8N5Z0_1_425_5tf5_pdb_KYNU_PLP_2.dlg	KYN	-15.56	100	-15.56	100	-5.41	100	-5.41	100	-12.87	-12.87	-5.69	-5.69	1	67
P20711_1_480_3rbl_pdb_KYNU_PLP_2.dlg	KYN	-11.51	8	-11.31	27	-3.05	8	-8.19	27	-11.26	-10.53	-3.69	-7.93	2	10
P21549_6_392_3r9a.1.A_swissmodel_KYNU_PLP_2.dlg	KYN	-12.61	16	-8.89	1	-6.89	16	-6.41	1	-9.31	-6.58	-5.43	-5.59	3	38
Q8N5Z0_1_425_2r2n_pdb_KYNU_PLP_1.dlg	KYN	-15.85	3	-15.85	3	-5.61	3	-5.61	3	-14.3	-14.3	-5.39	-5.39	1	30
O15270_177_540_2bwp.1.A_swissmodel_KYNU_PLP_1.dlg	KYN	-7.45	5	-7.34	17	-6.45	5	-4.31	17	-4.01	-3.9	-4.62	-4.94	2	25
Q9Y697_67_457_5kz5_pdb_KYNU_PLP_11.dlg
Q86YJ6_1_470_1kl7.1.A_swissmodel_KYNU_PLP_1.dlg	KYN	-12.08	90	-12.08	90	-4.1	90	-4.1	90	-10.78	-10.78	-4.03	-4.03	1	28
Q9HD40_1_501_4zdo_pdb_KYNU_PLP_4.dlg	KYN	-14.13	100	-14.13	100	-6.15	100	-6.15	100	-12.33	-12.33	-5.51	-5.51	1	17
Q9HD40_19_462_4zdl.1.A_swissmodel_KYNU_PLP_3.dlg	KYN	-15.81	50	-15.81	50	-7.64	50	-7.64	50	-14.27	-14.27	-7.3	-7.3	1	16
O95470_111_553_4q6r.1.A_swissmodel_KYNU_PLP_1.dlg	KYN	-13.64	78	-10.31	55	-7.16	78	-6.52	55	-11.9	-9.8	-6.74	-6.29	12	14
Q9NUV7_155_530_2x8u.1.A_swissmodel_KYNU_PLP_1.dlg	KYN	-11.32	46	-11.32	46	-6.63	46	-6.63	46	-9.82	-9.82	-4.95	-4.95	1	71
Q8TBG4_7_438_4ysn.1.A_swissmodel_KYNU_PLP_2.dlg	KYN	-2.76	38	1.19	32	-0.77	38	-2.08	32	1.89	7.33	2.64	-0.13	3	10
O15382_28_392_5bwt_pdb_KYNU_PLP_2.dlg	KYN	-14.23	94	-12.45	97	-7.61	94	-8.33	97	-13.21	-11.52	-7.11	-7.33	11	13
P06737_1_847_1l7x_pdb_KYNU_PLP_2.dlg	KYN	-12.81	92	-12.56	61	-7.79	92	-7.19	61	-11.66	-11.17	-7.03	-6.88	2	32
P17735_41_444_3dyd_pdb_KYNU_PLP_2.dlg	KYN	-11.15	89	-11.1	7	-4.52	89	-5.71	7	-11.15	-9.96	-4.52	-5.07	2	24
P11926_7_427_1d7k_pdb_KYNU_PLP_2.dlg	KYN	-11.66	15	-11.66	15	-6.37	15	-6.37	15	-9.94	-9.94	-5.52	-5.52	1	20
P17174_14_412_3ii0_pdb_KYNU_PLP_2.dlg	KYN	-13.56	69	-13.03	100	-5.14	69	-5.07	100	-10.77	-10.07	-5.45	-5.07	3	30
P22557_194_547_1fc4.1.A_swissmodel_KYNU_PLP_2.dlg	KYN	-13.06	18	-13.06	18	-6.54	18	-6.54	18	-9.47	-9.47	-4.95	-4.95	1	73
O15270_145_538_1fc4.1.A_swissmodel_KYNU_PLP_2.dlg	KYN	0.61	60	1.58	59	-3.4	60	-0.42	59	10.74	4.68	1.26	0.43	2	11
Q8TBG4_7_438_4ysn.1.A_swissmodel_KYNU_PLP_4.dlg	KYN	-8.87	71	-7.7	40	-6.26	71	-5.4	40	-2.62	-2.6	-2.37	-3.1	2	39
Q16773_1_422_4wp0_pdb_KYNU_PLP_1.dlg	KYN	-14.89	78	-14.6	6	-8.1	78	-6.18	6	-12.68	-12.26	-6.96	-5.81	2	68
P06737_2_847_1fc0_pdb_KYNU_PLP_2.dlg	KYN	-13.4	20	-12.54	30	-7.57	20	-7.05	30	-12.54	-11.25	-6.94	-6.77	4	23
P54687_21_386_2abj_pdb_KYNU_PLP_2.dlg	KYN	-13.82	95	-13.82	95	-6.23	95	-6.23	95	-11.26	-11.26	-5.78	-5.78	1	33
O15382_28_392_5i5s_pdb_KYNU_PLP_2.dlg	KYN	-15.25	34	-15.25	34	-8.38	34	-8.38	34	-13.44	-13.44	-6.94	-6.94	1	21
P20711_1_480_3rbf_pdb_KYNU_PLP_1.dlg	KYN	-11.67	52	-10.2	14	-5.93	52	-4.6	14	-10.15	-9.8	-5.23	-4.2	10	8
Q9Y697_67_457_5kz5_pdb_KYNU_PLP_2.dlg
P34897_22_504_4pvf_pdb_KYNU_PLP_2.dlg	KYN	-11.85	7	-11.85	7	-7.5	7	-7.5	7	-9.4	-9.4	-6.27	-6.27	1	21
P54687_1_386_2cog_pdb_KYNU_PLP_1.dlg	KYN	-13.71	30	-13.71	30	-6.19	30	-6.19	30	-12.04	-12.04	-6.32	-6.32	1	56
Q16773_1_422_3fvx_pdb_KYNU_PLP_1.dlg	KYN	-14.17	57	-14.17	57	-6.26	57	-6.26	57	-11.58	-11.58	-6.64	-6.64	1	48
P06737_2_847_2ati_pdb_KYNU_PLP_2.dlg	KYN	-12.43	93	-12.43	93	-8.65	93	-8.65	93	-10.47	-10.47	-6.96	-6.96	1	24
O95470_62_568_4q6r_pdb_KYNU_PLP_2.dlg	KYN	-14.32	24	-14.32	24	-5.6	24	-5.6	24	-12.4	-12.4	-5.11	-5.11	1	38
Q9GZT4_1_340_3l6b_pdb_KYNU_PLP_1.dlg	KYN	-12.55	18	-12.55	18	-6.49	18	-6.49	18	-9.0	-9.0	-5.48	-5.48	1	42
P11926_7_427_1d7k.1.A_swissmodel_KYNU_PLP_2.dlg	KYN	-10.42	92	-10.42	92	-4.2	92	-4.2	92	-8.69	-8.69	-4.33	-4.33	1	9
P0DN79_41_550_4l3v.1.A_swissmodel_KYNU_PLP_2.dlg	KYN	-2.75	36	-0.7	79	-2.98	36	0.58	79	5.17	4.48	0.86	2.28	3	10
P06737_6_839_1fa9.1.A_swissmodel_KYNU_PLP_2.dlg	KYN	-14.08	7	-14.08	7	-5.97	7	-5.97	7	-12.89	-12.89	-5.73	-5.73	1	24
Q9HD40_1_501_4zdl_pdb_KYNU_PLP_1.dlg	KYN	-14.43	18	-13.94	11	-7.5	18	-7.15	11	-14.25	-12.03	-7.55	-6.54	2	12
O75600_74_419_2x8u.1.A_swissmodel_KYNU_PLP_1.dlg	KYN	-11.79	67	-10.65	16	-6.19	67	-6.54	16	-10.83	-9.64	-5.88	-6.48	3	13
Q8N5Z0_1_425_4ge4_pdb_KYNU_PLP_2.dlg	KYN	-15.88	25	-15.88	25	-7.04	25	-7.04	25	-14.42	-14.42	-6.47	-6.47	1	54
P04181_1_439_2byj_pdb_KYNU_PLP_1.dlg	KYN	-11.49	83	-11.41	41	-6.91	83	-6.36	41	-9.88	-10.14	-6.18	-5.87	3	17
P21549_1_392_1j04_pdb_KYNU_PLP_2.dlg	KYN	-13.93	27	-13.93	27	-7.34	27	-7.34	27	-11.68	-11.68	-6.97	-6.97	1	45
P20711_1_480_3rch_pdb_KYNU_PLP_2.dlg	KYN	-11.38	18	-11.01	22	-8.1	18	-5.15	22	-10.57	-9.88	-8.08	-4.3	4	11
P00505_30_430_5ax8_pdb_KYNU_PLP_1.dlg	KYN	-13.5	14	-13.26	99	-8.56	14	-4.23	99	-13.27	-12.24	-7.59	-3.96	3	15
O75600_74_419_2x8u.1.A_swissmodel_KYNU_PLP_2.dlg	KYN	-10.87	51	-10.76	46	-6.52	51	-6.47	46	-10.87	-9.85	-6.52	-5.61	3	30
Q9BYV1_65_508_5g4i.1.A_swissmodel_KYNU_PLP_2.dlg	KYN	-9.16	80	-8.85	21	-4.67	80	-3.1	21	-8.4	-8.03	-4.0	-3.08	6	11
Q8N5Z0_1_425_2xh1_pdb_KYNU_PLP_1.dlg	KYN	-13.67	100	-13.67	100	-5.84	100	-5.84	100	-12.45	-12.45	-4.75	-4.75	1	37
Q99259_93_593_2okj.1.A_swissmodel_KYNU_PLP_1.dlg	KYN	-9.19	63	-9.19	63	-5.86	63	-5.86	63	-6.72	-6.72	-4.8	-4.8	1	16
Q96I15_8_445_3gzd_pdb_KYNU_PLP_2.dlg	KYN	-10.27	95	-10.17	86	-2.79	95	-4.57	86	-9.14	-9.14	-2.53	-4.25	2	17
Q8N5Z0_1_425_4ge9_pdb_KYNU_PLP_1.dlg	KYN	-15.68	43	-15.68	43	-7.05	43	-7.05	43	-14.28	-14.28	-6.44	-6.44	1	33
Q9BYV1_52_496_5g4i.1.A_swissmodel_KYNU_PLP_2.dlg	KYN	-10.13	53	-10.13	53	-2.73	53	-2.73	53	-9.03	-9.03	-2.92	-2.92	1	18
Q9Y600_7_493_2jis.1.A_swissmodel_KYNU_PLP_2.dlg	KYN	-11.9	42	-11.79	73	-5.63	42	-5.88	73	-10.23	-10.68	-4.88	-5.65	2	28
P11216_1_843_5iko_pdb_KYNU_PLP_2.dlg	KYN	-14.4	33	-14.4	33	-5.72	33	-5.72	33	-13.0	-13.0	-6.01	-6.01	1	27
P34897_22_504_4pvf_pdb_KYNU_PLP_1.dlg	KYN	-11.53	22	-11.53	22	-6.97	22	-6.97	22	-9.06	-9.06	-6.41	-6.41	1	15
P04181_1_439_2byj_pdb_KYNU_PLP_2.dlg	KYN	-11.56	34	-11.06	54	-6.51	34	-6.26	54	-9.94	-9.96	-5.8	-5.41	4	19
O15382_28_392_5bwr_pdb_KYNU_PLP_2.dlg	KYN	-14.43	19	-14.43	19	-6.03	19	-6.03	19	-13.25	-13.25	-6.08	-6.08	1	17
P13196_240_598_3tqx.1.A_swissmodel_KYNU_PLP_2.dlg	KYN	-11.09	90	-10.5	27	-6.78	90	-8.35	27	-10.19	-9.3	-6.63	-7.21	7	17
P06737_2_847_1xoi_pdb_KYNU_PLP_2.dlg	KYN	-13.61	65	-13.61	65	-7.32	65	-7.32	65	-11.91	-11.91	-7.0	-7.0	1	20
O15382_28_392_5i60_pdb_KYNU_PLP_1.dlg	KYN	-14.68	98	-14.68	98	-6.33	98	-6.33	98	-12.29	-12.29	-5.72	-5.72	1	12
O15382_28_392_2hdk_pdb_KYNU_PLP_1.dlg	KYN	-15.12	23	-15.12	23	-6.57	23	-6.57	23	-12.82	-12.82	-5.5	-5.5	1	38
P06737_2_847_1fc0_pdb_KYNU_PLP_1.dlg	KYN	-12.81	1	-11.86	6	-3.16	1	-1.37	6	-11.12	-10.47	-2.65	-1.31	8	18
O14977_2_437_4zgz_pdb_KYNU_PLP_1.dlg	KYN	-8.82	76	-6.61	73	-5.81	76	-3.63	73	-7.85	-6.03	-5.61	-3.25	10	9
P11926_1_461_2oo0_pdb_KYNU_PLP_1.dlg	KYN	-10.71	92	-10.71	92	-4.25	92	-4.25	92	-8.95	-8.95	-3.88	-3.88	1	24
Q9HD40_19_462_4zdl.1.A_swissmodel_KYNU_PLP_2.dlg	KYN	-16.88	71	-16.23	58	-8.21	71	-7.92	58	-15.28	-14.65	-8.13	-7.15	4	23
P54687_1_386_2coi_pdb_KYNU_PLP_1.dlg	KYN	-12.99	39	-12.99	39	-5.71	39	-5.71	39	-11.75	-11.75	-5.43	-5.43	1	62
Q96EN8_35_495_5j8q.1.A_swissmodel_KYNU_PLP_2.dlg	KYN	-10.85	79	-8.98	100	-6.68	79	-6.57	100	-8.82	-7.75	-5.85	-6.09	5	23
P17735_41_444_3dyd.1.A_swissmodel_KYNU_PLP_2.dlg	KYN	-11.7	17	-11.7	17	-6.04	17	-6.04	17	-10.04	-10.04	-5.06	-5.06	1	20
P34896_8_483_1eji.1.D_swissmodel_KYNU_PLP_1.dlg	KYN	-12.16	16	-10.82	4	-7.11	16	-6.69	4	-9.42	-8.74	-6.25	-6.24	2	29
P21549_1_388_2yob_pdb_KYNU_PLP_1.dlg	KYN	-13.7	15	-13.39	34	-8.47	15	-6.14	34	-8.79	-7.56	-6.5	-5.64	2	35
Q96QU6_55_475_1m7y.1.A_swissmodel_KYNU_PLP_2.dlg	KYN	-13.92	15	-10.71	12	-7.76	15	-5.89	12	-11.8	-9.44	-6.41	-4.83	5	10
P04181_38_439_1gbn_pdb_KYNU_PLP_1.dlg	KYN	-11.53	18	-10.96	30	-5.38	18	-5.8	30	-10.17	-9.59	-5.13	-5.17	2	35
P21549_1_392_4kyo_pdb_KYNU_PLP_2.dlg	KYN	-9.14	90	-6.48	31	-5.71	90	-6.23	31	-5.26	-2.68	-4.02	-3.38	2	19
Q8N5Z0_1_425_5efs_pdb_KYNU_PLP_2.dlg	KYN	-15.28	36	-15.28	36	-6.32	36	-6.32	36	-13.47	-13.47	-6.1	-6.1	1	59
P04181_36_439_2byj.1.A_swissmodel_KYNU_PLP_1.dlg	KYN	-10.43	46	-10.43	46	-5.49	46	-5.49	46	-9.33	-9.33	-5.28	-5.28	1	20
O95470_62_568_4q6r_pdb_KYNU_PLP_1.dlg	KYN	-14.47	41	-11.5	51	-5.34	41	-6.13	51	-12.4	-10.75	-5.26	-6.53	9	14
Q8N5Z0_1_425_5efs_pdb_KYNU_PLP_1.dlg	KYN	-15.64	13	-15.64	13	-6.5	13	-6.5	13	-13.92	-13.92	-6.12	-6.12	1	51
O14977_10_432_4zgz.1.A_swissmodel_KYNU_PLP_1.dlg	KYN	-8.22	39	-8.22	39	-5.28	39	-5.28	39	-7.04	-7.04	-4.45	-4.45	1	21
O15382_28_392_5bwx_pdb_KYNU_PLP_2.dlg	KYN	-16.1	96	-16.1	96	-6.68	96	-6.68	96	-13.3	-13.3	-6.36	-6.36	1	38
Q9Y617_17_370_3e77.1.A_swissmodel_KYNU_PLP_2.dlg	KYN	-12.31	49	-12.31	49	-7.42	49	-7.42	49	-11.14	-11.14	-7.12	-7.12	1	19
Q9Y697_67_457_5kz5_pdb_KYNU_PLP_9.dlg
P11217_13_837_3zcp.1.A_swissmodel_KYNU_PLP_1.dlg	KYN	-14.07	100	-11.87	32	-7.11	100	-8.16	32	-12.21	-10.49	-7.27	-6.98	5	14
Q96GA7_11_328_2rkb.1.A_swissmodel_KYNU_PLP_2.dlg	KYN	-12.56	82	-12.56	82	-6.5	82	-6.5	82	-11.34	-11.34	-5.73	-5.73	1	17
Q8N5Z0_1_425_4gdy_pdb_KYNU_PLP_2.dlg	KYN	-14.86	18	-14.79	42	-7.46	18	-6.83	42	-13.28	-13.19	-5.74	-5.66	2	64
P20132_1_328_1p5j_pdb_KYNU_PLP_1.dlg	KYN	-15.84	57	-14.53	54	-6.98	57	-5.94	54	-14.32	-13.16	-6.53	-6.24	2	41
O15382_28_392_5i5t_pdb_KYNU_PLP_2.dlg	KYN	-14.59	9	-14.59	9	-7.14	9	-7.14	9	-13.18	-13.18	-6.3	-6.3	1	20
P00505_32_430_5ax8.2.B_swissmodel_KYNU_PLP_1.dlg	KYN	-14.95	19	-14.95	19	-4.92	19	-4.92	19	-13.85	-13.85	-5.03	-5.03	1	22
Q05329_88_584_2okk_pdb_KYNU_PLP_2.dlg	KYN	-12.73	93	-12.73	93	-4.53	93	-4.53	93	-11.03	-11.03	-3.77	-3.77	1	20
P0DN79_43_545_4pcu.1.A_swissmodel_KYNU_PLP_1.dlg	KYN	-12.37	75	-11.25	95	-5.46	75	-4.55	95	-9.87	-9.56	-4.04	-3.88	2	21
Q8N5Z0_1_425_3ue8_pdb_KYNU_PLP_1.dlg	KYN	-15.96	57	-15.96	57	-5.94	57	-5.94	57	-14.47	-14.47	-5.79	-5.79	1	74
Q9Y600_7_493_2jis.1.A_swissmodel_KYNU_PLP_1.dlg	KYN	-12.41	29	-11.62	80	-7.78	29	-4.3	80	-11.15	-10.49	-6.87	-3.74	3	17
P06737_1_847_1em6_pdb_KYNU_PLP_1.dlg	KYN	-13.86	53	-11.93	54	-8.39	53	-6.05	54	-12.45	-10.98	-7.78	-5.93	10	22
P00505_30_430_5ax8_pdb_KYNU_PLP_2.dlg	KYN	-16.61	13	-15.95	54	-6.42	13	-6.03	54	-14.82	-14.78	-5.92	-5.84	2	12
Q9HD40_1_501_4zdl_pdb_KYNU_PLP_2.dlg	KYN	-15.81	52	-13.86	7	-7.67	52	-4.75	7	-14.3	-12.12	-7.37	-4.57	7	15
Q05329_168_585_4obv.1.A_swissmodel_KYNU_PLP_1.dlg	KYN	-12.86	28	-12.86	28	-4.85	28	-4.85	28	-10.92	-10.92	-3.93	-3.93	1	30
P21549_1_392_4cbr_pdb_KYNU_PLP_2.dlg	KYN	-14.06	56	-14.06	56	-6.67	56	-6.67	56	-8.95	-8.95	-6.04	-6.04	1	61
O15382_28_392_2hgw_pdb_KYNU_PLP_1.dlg	KYN	-14.87	11	-14.36	47	-5.97	11	-7.43	47	-13.59	-12.79	-6.35	-6.65	2	26
Q8N5Z0_2_425_2vgz_pdb_KYNU_PLP_2.dlg	KYN	-14.97	75	-14.97	75	-6.65	75	-6.65	75	-13.16	-13.16	-5.59	-5.59	1	59
P13196_240_598_3tqx.1.A_swissmodel_KYNU_PLP_1.dlg	KYN	-12.12	62	-11.16	12	-5.42	62	-7.13	12	-10.65	-9.9	-5.78	-6.9	2	24
P0DN79_43_545_4pcu.1.A_swissmodel_KYNU_PLP_2.dlg	KYN	-10.44	91	-9.19	86	-4.48	91	-6.41	86	-8.17	-7.87	-4.42	-5.88	4	13
Q16773_1_422_4wlj_pdb_KYNU_PLP_1.dlg	KYN	-16.77	3	-16.77	3	-7.8	3	-7.8	3	-15.41	-15.41	-7.11	-7.11	1	52
O15382_28_392_2hgw_pdb_KYNU_PLP_2.dlg	KYN	-15.55	43	-15.55	43	-6.42	43	-6.42	43	-13.66	-13.66	-6.39	-6.39	1	17
Q9HD40_1_501_3hl2_pdb_KYNU_PLP_3.dlg	KYN	-14.62	1	-14.56	23	-5.9	1	-6.32	23	-13.47	-13.52	-6.19	-6.14	2	18
P34897_17_504_3ou5_pdb_KYNU_PLP_2.dlg	KYN	-9.4	35	-9.02	72	-4.43	35	-3.56	72	-8.49	-8.3	-3.43	-3.36	5	9
Q05329_88_584_2okk.1.A_swissmodel_KYNU_PLP_1.dlg	KYN	-11.85	5	-11.55	19	-8.09	5	-3.89	19	-10.15	-9.87	-7.81	-3.0	2	16
O95470_111_553_4q6r.1.A_swissmodel_KYNU_PLP_2.dlg	KYN	-13.05	93	-13.05	93	-4.5	93	-4.5	93	-11.67	-11.67	-4.91	-4.91	1	31
P06737_1_847_1l7x_pdb_KYNU_PLP_1.dlg	KYN	-13.06	12	-13.06	12	-5.39	12	-5.39	12	-11.0	-11.0	-5.13	-5.13	1	12
P06737_2_847_3dd1_pdb_KYNU_PLP_1.dlg	KYN	-12.52	26	-11.7	19	-5.87	26	-6.29	19	-11.36	-10.35	-5.79	-6.23	6	18
O15270_112_537_4bmk.1.A_swissmodel_KYNU_PLP_1.dlg	KYN	-12.55	3	-12.55	3	-6.94	3	-6.94	3	-10.53	-10.53	-5.88	-5.88	1	60
P34897_17_504_3ou5_pdb_KYNU_PLP_1.dlg	KYN	-9.81	14	-9.05	76	-4.6	14	-4.83	76	-9.07	-8.74	-4.82	-4.52	4	5
P06737_1_847_1l5r_pdb_KYNU_PLP_4.dlg	KYN	-12.58	59	-11.9	66	-6.2	59	-6.0	66	-12.05	-10.56	-6.64	-7.04	7	20
Q9NUV7_155_530_2x8u.1.A_swissmodel_KYNU_PLP_2.dlg	KYN	-11.12	30	-11.12	30	-5.95	30	-5.95	30	-10.08	-10.08	-4.96	-4.96	1	65
P32929_1_402_2nmp_pdb_KYNU_PLP_3.dlg	KYN	-10.62	14	-10.62	14	-5.03	14	-5.03	14	-5.44	-5.44	-4.09	-4.09	1	34
P06737_2_847_3dds_pdb_KYNU_PLP_1.dlg	KYN	-12.87	65	-12.87	65	-8.4	65	-8.4	65	-10.56	-10.56	-6.89	-6.89	1	23
P32929_1_405_3elp_pdb_KYNU_PLP_3.dlg	KYN	-11.79	62	-11.58	77	-5.73	62	-4.97	77	-10.76	-10.95	-5.16	-4.8	4	6
P54687_1_386_2coj_pdb_KYNU_PLP_1.dlg	KYN	-13.83	78	-13.66	57	-6.91	78	-5.11	57	-12.3	-12.22	-5.99	-5.64	2	61
O94903_12_248_1ct5.1.A_swissmodel_KYNU_PLP_1.dlg	KYN	-9.7	19	-9.51	70	-3.65	19	-5.1	70	-9.51	-8.65	-3.44	-4.73	3	11
O15382_28_392_1ekf_pdb_KYNU_PLP_1.dlg	KYN	-14.22	50	-14.22	50	-5.32	50	-5.32	50	-13.01	-13.01	-5.82	-5.82	1	15
O15382_28_392_5hne_pdb_KYNU_PLP_2.dlg	KYN	-14.05	35	-13.23	12	-6.95	35	-4.5	12	-13.01	-11.75	-6.35	-4.72	2	27
P32929_1_405_3elp_pdb_KYNU_PLP_4.dlg	KYN	-10.77	81	-10.71	95	-5.71	81	-5.66	95	-9.7	-9.68	-5.18	-5.46	3	10
P21549_1_392_1h0c_pdb_KYNU_PLP_2.dlg	KYN	-12.05	62	-12.05	62	-7.16	62	-7.16	62	-9.63	-9.63	-6.6	-6.6	1	38
P04181_38_439_2can_pdb_KYNU_PLP_1.dlg	KYN	-12.11	72	-10.25	6	-8.39	72	-5.07	6	-10.83	-9.35	-6.99	-4.97	9	41
P06737_1_847_1l7x_pdb_KYNU_PLP_3.dlg	KYN	-13.16	91	-13.16	91	-5.62	91	-5.62	91	-11.47	-11.47	-5.3	-5.3	1	12
Q8N5Z0_1_425_5tf5_pdb_KYNU_PLP_1.dlg	KYN	-14.58	74	-14.58	74	-4.98	74	-4.98	74	-11.83	-11.83	-5.4	-5.4	1	52
Q16773_3_421_4ge9.1.A_swissmodel_KYNU_PLP_2.dlg	KYN	-10.59	1	-10.59	1	-7.01	1	-7.01	1	-5.35	-5.35	-5.1	-5.1	1	37
P24298_19_495_3tcm.1.A_swissmodel_KYNU_PLP_1.dlg	KYN	-9.19	91	-7.65	10	-3.58	91	-6.26	10	-2.25	-1.75	-0.14	-1.86	2	31
Q8N5Z0_1_425_4gdy_pdb_KYNU_PLP_1.dlg	KYN	-14.83	74	-14.83	74	-6.35	74	-6.35	74	-13.22	-13.22	-5.34	-5.34	1	69
P06737_1_847_2zb2_pdb_KYNU_PLP_1.dlg	KYN	-11.44	14	-11.39	73	-6.17	14	-7.91	73	-10.51	-9.9	-5.76	-7.08	2	10
P21549_6_392_3r9a.1.A_swissmodel_KYNU_PLP_1.dlg	KYN	-12.44	16	-12.44	16	-6.56	16	-6.56	16	-8.2	-8.2	-5.92	-5.92	1	59
P54687_1_386_2cog_pdb_KYNU_PLP_2.dlg	KYN	-13.25	86	-13.25	86	-6.49	86	-6.49	86	-11.81	-11.81	-6.02	-6.02	1	49
O15270_145_538_1fc4.1.A_swissmodel_KYNU_PLP_1.dlg	KYN	-0.44	63	1.12	11	-6.29	63	4.03	11	1.27	9.37	-3.29	8.78	3	14
O15382_28_392_5i5x_pdb_KYNU_PLP_2.dlg	KYN	-14.84	76	-14.84	76	-7.29	76	-7.29	76	-13.27	-13.27	-6.49	-6.49	1	37
O15270_177_540_2bwp.1.A_swissmodel_KYNU_PLP_2.dlg	KYN	-7.45	31	-7.02	10	-6.75	31	-7.58	10	-4.27	-3.22	-5.44	-5.54	3	18
P20711_1_480_3rbf.1.B_swissmodel_KYNU_PLP_1.dlg	KYN	-10.97	48	-9.8	38	-4.95	48	-4.42	38	-10.3	-9.16	-5.49	-4.06	11	8
P21549_1_392_4i8a_pdb_KYNU_PLP_1.dlg	KYN	-8.96	100	-8.96	100	-5.6	100	-5.6	100	-4.74	-4.74	-4.16	-4.16	1	23
O15382_28_392_5bwt_pdb_KYNU_PLP_1.dlg	KYN	-13.81	96	-12.57	6	-7.36	96	-7.01	6	-12.19	-11.12	-7.37	-6.48	7	12
O15382_28_392_5i5v_pdb_KYNU_PLP_2.dlg	KYN	-14.3	49	-11.73	14	-5.98	49	-5.59	14	-12.9	-10.82	-5.89	-5.14	11	15
Q4AC99_134_553_1m7y.1.A_swissmodel_KYNU_PLP_2.dlg	KYN	-11.06	84	-11.06	84	-5.76	84	-5.76	84	-9.85	-9.85	-4.79	-4.79	1	8
Q8N5Z0_1_425_4ge4_pdb_KYNU_PLP_1.dlg	KYN	-17.29	73	-17.29	73	-6.84	73	-6.84	73	-15.39	-15.39	-6.66	-6.66	1	49
P21549_1_392_4cbs_pdb_KYNU_PLP_2.dlg	KYN	-9.37	68	-9.37	68	-4.38	68	-4.38	68	-2.07	-2.07	-2.12	-2.12	1	34
Q16773_1_422_4wlh_pdb_KYNU_PLP_1.dlg	KYN	-14.27	50	-14.27	50	-6.97	50	-6.97	50	-12.12	-12.12	-6.13	-6.13	1	73
P19113_2_477_4e1o.1.A_swissmodel_KYNU_PLP_1.dlg	KYN	-14.47	40	-14.47	40	-7.11	40	-7.11	40	-12.6	-12.6	-6.34	-6.34	1	35
P34896_8_483_1eji.1.D_swissmodel_KYNU_PLP_3.dlg	KYN	-10.51	71	-9.9	14	-6.58	71	-6.38	14	-8.88	-8.02	-6.07	-5.74	2	31
Q8TD30_49_523_3ihj_pdb_KYNU_PLP_1.dlg	KYN	-11.94	54	-11.6	3	-3.9	54	-5.16	3	-10.89	-10.27	-3.38	-5.03	2	17
Q9HD40_1_501_4zdp_pdb_KYNU_PLP_3.dlg	KYN	-13.92	52	-13.7	100	-6.66	52	-6.09	100	-12.63	-12.41	-6.43	-5.88	2	23
Q6ZQY3_35_521_2jis.1.A_swissmodel_KYNU_PLP_1.dlg	KYN	-11.88	21	-11.88	21	-6.49	21	-6.49	21	-10.67	-10.67	-6.22	-6.22	1	24
P11926_7_427_1d7k.1.A_swissmodel_KYNU_PLP_1.dlg	KYN	-10.61	67	-10.61	67	-4.85	67	-4.85	67	-8.92	-8.92	-4.56	-4.56	1	18
P06737_1_847_1l5s_pdb_KYNU_PLP_2.dlg	KYN	-12.46	1	-11.67	10	-6.6	1	-7.79	10	-10.94	-10.28	-5.93	-7.23	5	26
Q8NHS2_5_399_3wzf.1.A_swissmodel_KYNU_PLP_1.dlg	KYN	-12.47	96	-8.48	6	-7.3	96	-4.68	6	-12.12	-7.88	-6.59	-4.77	21	7
P32929_10_399_3cog.1.A_swissmodel_KYNU_PLP_3.dlg	KYN	-4.28	17	-4.28	17	-1.86	17	-1.86	17	-0.61	-0.61	-2.03	-2.03	1	19
Q9GZT4_1_340_3l6r_pdb_KYNU_PLP_2.dlg	KYN	-11.86	2	-11.86	2	-6.89	2	-6.89	2	-10.17	-10.17	-6.29	-6.29	1	17
P34896_11_480_1bj4_pdb_KYNU_PLP_1.dlg	KYN	-11.22	48	-9.85	59	-6.28	48	-5.31	59	-10.13	-9.16	-5.24	-5.33	2	7
Q9Y697_56_457_5usr.1.A_swissmodel_KYNU_PLP_2.dlg	KYN	-12.46	88	-10.99	79	-6.54	88	-6.93	79	-11.06	-10.33	-5.43	-6.76	8	11
Q16773_1_422_1w7l_pdb_KYNU_PLP_1.dlg	KYN	-13.54	91	-13.54	91	-6.42	91	-6.42	91	-11.61	-11.61	-5.93	-5.93	1	60
Q9HD40_1_501_4zdp_pdb_KYNU_PLP_4.dlg	KYN	-16.11	86	-16.11	86	-8.65	86	-8.65	86	-14.28	-14.28	-7.03	-7.03	1	37
O15382_28_392_5i5t_pdb_KYNU_PLP_1.dlg	KYN	-14.52	26	-14.52	26	-6.41	26	-6.41	26	-12.67	-12.67	-6.18	-6.18	1	20
O15270_112_537_4bmk.1.A_swissmodel_KYNU_PLP_2.dlg	KYN	-13.51	59	-13.51	59	-6.17	59	-6.17	59	-11.93	-11.93	-5.77	-5.77	1	64
Q6ZQY3_35_521_2jis.1.A_swissmodel_KYNU_PLP_2.dlg	KYN	-12.7	100	-12.33	11	-5.78	100	-5.97	11	-11.87	-11.01	-5.52	-5.84	3	21
O75600_24_417_2jg2.1.A_swissmodel_KYNU_PLP_2.dlg	KYN	-12.52	32	-11.37	7	-6.32	32	-4.9	7	-11.5	-10.36	-6.24	-4.66	4	15
P06737_1_847_1em6_pdb_KYNU_PLP_2.dlg	KYN	-13.7	47	-12.67	58	-8.78	47	-8.92	58	-11.68	-11.17	-7.38	-7.82	3	21
P13196_189_573_3hqt.1.A_swissmodel_KYNU_PLP_1.dlg	KYN	-11.49	19	-11.49	19	-8.38	19	-8.38	19	-9.25	-9.25	-6.47	-6.47	1	34
Q16773_1_422_4wlh_pdb_KYNU_PLP_2.dlg	KYN	-13.8	35	-13.8	35	-6.02	35	-6.02	35	-11.82	-11.82	-5.6	-5.6	1	67
Q9HD40_19_462_4zdl.1.A_swissmodel_KYNU_PLP_4.dlg	KYN	-16.76	67	-16.4	37	-7.64	67	-7.86	37	-15.57	-14.65	-7.43	-7.1	3	22
Q8N5Z0_2_425_2vgz_pdb_KYNU_PLP_1.dlg	KYN	-14.12	25	-13.68	67	-5.13	25	-5.39	67	-11.99	-11.85	-4.69	-5.48	3	24
Q9HD40_1_501_3hl2_pdb_KYNU_PLP_4.dlg	KYN	-15.85	29	-13.96	99	-6.27	29	-4.65	99	-13.57	-12.59	-6.53	-5.71	7	13
P20711_1_480_3rbl_pdb_KYNU_PLP_1.dlg	KYN	-11.82	58	-9.93	64	-7.25	58	-3.1	64	-10.48	-9.4	-6.82	-2.91	18	8
Q9Y600_1_493_2jis_pdb_KYNU_PLP_2.dlg	KYN	-12.26	45	-12.26	45	-6.06	45	-6.06	45	-11.01	-11.01	-6.13	-6.13	1	25
P06737_2_847_2ati_pdb_KYNU_PLP_1.dlg	KYN	-12.58	55	-11.47	78	-5.62	55	-7.12	78	-11.42	-10.39	-5.37	-5.95	5	17
O15382_28_392_5i5y_pdb_KYNU_PLP_1.dlg	KYN	-13.88	81	-13.68	35	-6.41	81	-6.09	35	-12.35	-12.22	-5.68	-6.21	2	31
Q99259_93_593_2okj.1.A_swissmodel_KYNU_PLP_2.dlg	KYN	-12.5	11	-11.36	24	-6.13	11	-6.57	24	-11.61	-9.57	-5.61	-5.99	3	27
P13196_199_595_2bwp.1.A_swissmodel_KYNU_PLP_2.dlg	KYN	-10.89	25	-10.89	25	-5.79	25	-5.79	25	-7.76	-7.76	-4.42	-4.42	1	15
O15382_28_392_2hgx_pdb_KYNU_PLP_1.dlg	KYN	-14.71	45	-13.58	69	-6.37	45	-7.61	69	-12.96	-12.43	-6.44	-6.65	2	20
P06737_1_847_1l5q_pdb_KYNU_PLP_3.dlg	KYN	-12.98	80	-12.82	68	-5.83	80	-8.56	68	-11.8	-10.79	-5.51	-7.47	3	15
O75600_41_418_3tqx.1.A_swissmodel_KYNU_PLP_2.dlg	KYN	-12.52	55	-12.52	55	-8.55	55	-8.55	55	-10.75	-10.75	-7.23	-7.23	1	23
P34897_22_504_4pvf_pdb_KYNU_PLP_4.dlg	KYN	-11.73	97	-11.64	60	-7.89	97	-6.8	60	-8.83	-9.6	-6.9	-6.66	2	33
P06737_1_847_1l5q_pdb_KYNU_PLP_4.dlg	KYN	-13.14	35	-12.29	49	-5.88	35	-7.79	49	-10.84	-10.57	-5.36	-6.79	7	16
Q16773_1_422_1w7m_pdb_KYNU_PLP_1.dlg	KYN	-13.95	100	-13.95	100	-7.22	100	-7.22	100	-12.0	-12.0	-5.94	-5.94	1	57
P32929_1_405_3elp_pdb_KYNU_PLP_1.dlg	KYN	-12.79	95	-12.79	95	-5.37	95	-5.37	95	-11.72	-11.72	-4.92	-4.92	1	9
P04181_38_439_1gbn_pdb_KYNU_PLP_4.dlg	KYN	-10.93	15	-10.7	99	-5.09	15	-5.04	99	-9.84	-9.35	-4.73	-4.88	2	53
P17174_2_413_3wzf_pdb_KYNU_PLP_1.dlg	KYN	-14.35	45	-13.85	50	-10.23	45	-4.32	50	-12.8	-12.79	-9.2	-4.4	2	14
P04181_1_439_1oat_pdb_KYNU_PLP_2.dlg	KYN	-10.02	71	-9.66	36	-5.91	71	-4.94	36	-8.6	-8.4	-5.39	-4.95	2	22
P20711_1_480_3rch_pdb_KYNU_PLP_1.dlg	KYN	-10.27	63	-10.27	63	-6.0	63	-6.0	63	-8.74	-8.74	-5.38	-5.38	1	30
P06737_24_832_3ceh_pdb_KYNU_PLP_1.dlg	KYN	-12.2	85	-11.48	29	-7.2	85	-6.81	29	-11.09	-10.0	-6.82	-5.89	5	21
P11926_1_461_2oo0_pdb_KYNU_PLP_2.dlg	KYN	-10.2	67	-7.63	21	-5.35	67	-6.48	21	-7.6	-5.65	-4.79	-5.11	6	22
O15382_28_392_1kt8_pdb_KYNU_PLP_1.dlg	KYN	-14.91	18	-14.91	18	-7.74	18	-7.74	18	-13.19	-13.19	-6.64	-6.64	1	58
P04181_38_439_1gbn_pdb_KYNU_PLP_3.dlg	KYN	-11.31	15	-11.31	15	-5.25	15	-5.25	15	-9.62	-9.62	-4.93	-4.93	1	30
P17735_41_444_3dyd.1.A_swissmodel_KYNU_PLP_1.dlg	KYN	-12.44	100	-10.97	20	-4.2	100	-4.64	20	-10.6	-9.82	-3.87	-5.04	3	15
Q9Y697_67_457_5kz5_pdb_KYNU_PLP_3.dlg
O15382_28_392_5i5u_pdb_KYNU_PLP_2.dlg	KYN	-15.68	100	-15.68	100	-7.58	100	-7.58	100	-13.47	-13.47	-6.78	-6.78	1	43
P54687_1_386_2coj_pdb_KYNU_PLP_2.dlg	KYN	-14.49	13	-14.49	13	-7.23	13	-7.23	13	-13.11	-13.11	-6.0	-6.0	1	49
Q9NUV7_105_529_4bmk.1.A_swissmodel_KYNU_PLP_1.dlg	KYN	-14.33	34	-14.33	34	-6.27	34	-6.27	34	-11.92	-11.92	-6.17	-6.17	1	87
P06737_2_847_3ddw_pdb_KYNU_PLP_1.dlg	KYN	-12.14	4	-11.9	20	-7.04	4	-6.89	20	-10.05	-10.17	-6.62	-6.65	4	15
O15382_28_392_1ekp_pdb_KYNU_PLP_1.dlg	KYN	-14.2	62	-14.2	62	-6.17	62	-6.17	62	-12.43	-12.43	-5.79	-5.79	1	31
P06737_1_847_1l5r_pdb_KYNU_PLP_2.dlg	KYN	-12.97	89	-12.54	79	-7.01	89	-8.03	79	-11.24	-10.77	-6.46	-6.66	2	17
Q96GA7_11_328_2rkb_pdb_KYNU_PLP_2.dlg	KYN	-13.42	98	-12.8	88	-7.62	98	-5.86	88	-12.8	-12.12	-7.63	-5.31	3	17
P06737_24_832_3cem_pdb_KYNU_PLP_1.dlg	KYN	-13.78	2	-13.03	49	-7.51	2	-8.34	49	-12.09	-11.51	-6.45	-7.27	3	13
Q6YP21_41_450_3e2y.1.A_swissmodel_KYNU_PLP_1.dlg	KYN	-18.56	28	-18.56	28	-8.33	28	-8.33	28	-16.19	-16.19	-7.77	-7.77	1	34
Q96QU6_63_482_1ynu.1.A_swissmodel_KYNU_PLP_2.dlg	KYN	-12.93	92	-12.93	92	-5.91	92	-5.91	92	-10.6	-10.6	-4.94	-4.94	1	27
P11926_1_461_2on3_pdb_KYNU_PLP_1.dlg	KYN	-11.29	17	-11.29	17	-4.99	17	-4.99	17	-10.08	-10.08	-4.24	-4.24	1	13
Q9HD40_1_501_4zdp_pdb_KYNU_PLP_2.dlg	KYN	-15.36	25	-15.36	25	-8.69	25	-8.69	25	-13.78	-13.78	-6.75	-6.75	1	27
P19113_2_477_4e1o.1.A_swissmodel_KYNU_PLP_2.dlg	KYN	-14.27	26	-13.55	14	-6.97	26	-7.62	14	-12.06	-11.45	-6.3	-6.59	2	34
Q6ZQY3_35_520_5hsj.1.A_swissmodel_KYNU_PLP_2.dlg	KYN	-11.77	50	-11.77	50	-6.66	50	-6.66	50	-10.46	-10.46	-6.2	-6.2	1	21
Q05329_88_584_2okk.1.A_swissmodel_KYNU_PLP_2.dlg	KYN	-11.33	41	-11.33	41	-4.15	41	-4.15	41	-10.42	-10.42	-3.95	-3.95	1	9
P34897_43_504_4pvf.1.A_swissmodel_KYNU_PLP_3.dlg	KYN	-10.48	57	-9.64	73	-7.4	57	-5.89	73	-7.74	-8.05	-6.3	-6.44	3	33
O15382_28_392_5cr5_pdb_KYNU_PLP_2.dlg	KYN	-14.89	72	-14.89	72	-6.22	72	-6.22	72	-13.0	-13.0	-5.99	-5.99	1	31
P06737_1_847_1l7x_pdb_KYNU_PLP_4.dlg	KYN	-12.71	55	-12.43	37	-7.54	55	-7.67	37	-11.63	-11.46	-7.01	-6.62	3	19
Q9Y697_67_457_5kz5_pdb_KYNU_PLP_12.dlg
P20711_1_383_1js6.1.A_swissmodel_KYNU_PLP_1.dlg	KYN	-12.62	30	-11.71	81	-7.84	30	-5.97	81	-11.24	-10.88	-6.88	-6.4	3	15
Q16773_1_422_1w7l_pdb_KYNU_PLP_2.dlg	KYN	-13.72	57	-13.72	57	-6.43	57	-6.43	57	-11.79	-11.79	-5.86	-5.86	1	35
O15382_28_392_5i5w_pdb_KYNU_PLP_2.dlg	KYN	-13.76	15	-11.9	53	-6.93	15	-5.01	53	-12.54	-10.87	-5.95	-4.99	6	38
O15382_28_392_5bww_pdb_KYNU_PLP_1.dlg	KYN	-14.6	9	-14.6	9	-6.03	9	-6.03	9	-13.44	-13.44	-6.05	-6.05	1	17
Q9HD40_1_501_4zdp_pdb_KYNU_PLP_1.dlg	KYN	-14.11	30	-13.5	10	-6.85	30	-6.02	10	-12.54	-12.47	-6.15	-5.91	2	20
O15382_28_392_2hgx_pdb_KYNU_PLP_2.dlg	KYN	-15.49	78	-15.49	78	-7.05	78	-7.05	78	-12.74	-12.74	-6.29	-6.29	1	28
P06737_24_832_3cej_pdb_KYNU_PLP_2.dlg	KYN	-13.97	65	-12.06	96	-6.27	65	-8.31	96	-12.58	-10.55	-6.13	-7.27	3	20
P11216_1_843_5iko_pdb_KYNU_PLP_4.dlg	KYN	-14.76	76	-13.7	72	-6.37	76	-7.05	72	-12.8	-12.44	-6.13	-6.73	4	21
P32929_1_402_3cog_pdb_KYNU_PLP_3.dlg	KYN	-6.48	73	-1.79	50	-4.15	73	-6.06	50	0.33	3.17	-0.8	-2.9	4	21
Q4AC99_168_554_3ath.1.A_swissmodel_KYNU_PLP_2.dlg	KYN	-9.94	46	-9.78	5	-5.74	46	-5.11	5	-8.95	-8.82	-5.76	-3.55	2	17
P11216_22_840_5iko.1.A_swissmodel_KYNU_PLP_2.dlg	KYN	-14.23	95	-13.52	61	-6.41	95	-6.28	61	-12.83	-12.38	-6.23	-6.22	2	14
Q16773_1_422_4wlj_pdb_KYNU_PLP_2.dlg	KYN	-17.33	8	-15.89	96	-8.08	8	-7.59	96	-15.57	-14.15	-7.52	-6.65	2	47
Q8N5Z0_1_425_4geb_pdb_KYNU_PLP_1.dlg	KYN	-15.69	53	-15.69	53	-6.46	53	-6.46	53	-13.93	-13.93	-5.78	-5.78	1	33
Q16773_3_421_4ge9.1.A_swissmodel_KYNU_PLP_1.dlg	KYN	-6.47	10	-2.86	57	-4.99	10	-0.69	57	-6.34	1.12	-4.68	1.47	17	7
P13196_189_573_3hqt.1.A_swissmodel_KYNU_PLP_2.dlg	KYN	-10.93	50	-10.93	50	-4.73	50	-4.73	50	-8.88	-8.88	-4.53	-4.53	1	50
O15382_28_392_5bwu_pdb_KYNU_PLP_2.dlg	KYN	-15.17	68	-15.17	68	-6.91	68	-6.91	68	-13.45	-13.45	-6.6	-6.6	1	33
Q16773_1_422_3fvu_pdb_KYNU_PLP_1.dlg	KYN	-14.51	30	-14.51	30	-6.92	30	-6.92	30	-12.52	-12.52	-6.37	-6.37	1	40
Q9BYV1_65_508_5g4i.1.A_swissmodel_KYNU_PLP_1.dlg	KYN	-10.42	55	-10.42	55	-3.96	55	-3.96	55	-9.42	-9.42	-4.44	-4.44	1	19
P34897_43_504_4pvf.1.A_swissmodel_KYNU_PLP_1.dlg	KYN	-10.93	88	-10.93	88	-4.72	88	-4.72	88	-9.24	-9.24	-4.46	-4.46	1	19
P04181_38_439_2can_pdb_KYNU_PLP_2.dlg	KYN	-13.03	53	-10.39	28	-8.43	53	-5.92	28	-11.29	-9.34	-7.73	-5.14	6	40
P32929_10_399_3cog.1.A_swissmodel_KYNU_PLP_4.dlg	KYN	-5.43	83	-3.28	32	-3.39	83	-5.66	32	1.26	0.15	-1.28	-3.73	3	27
Q9HD40_19_462_4zdl.1.A_swissmodel_KYNU_PLP_1.dlg	KYN	-15.58	37	-15.54	79	-5.39	37	-7.07	79	-14.98	-14.16	-5.71	-7.02	2	20
O75600_24_417_2jg2.1.A_swissmodel_KYNU_PLP_1.dlg	KYN	-12.33	16	-12.33	16	-5.53	16	-5.53	16	-11.17	-11.17	-5.68	-5.68	1	18
Q9HD40_1_501_3hl2_pdb_KYNU_PLP_2.dlg	KYN	-15.35	62	-14.6	52	-8.44	62	-5.93	52	-13.69	-12.88	-7.85	-5.82	3	13
P11216_1_843_5iko_pdb_KYNU_PLP_3.dlg	KYN	-14.24	97	-14.23	76	-6.42	97	-6.28	76	-12.94	-12.75	-6.16	-5.41	2	34
Q16719_6_460_2hzp.1.A_swissmodel_KYNU_PLP_1.dlg	KYN	-10.56	51	-9.9	55	-4.75	51	-4.68	55	-10.56	-8.97	-4.75	-4.32	2	18
P21549_1_392_4i8a_pdb_KYNU_PLP_2.dlg	KYN	-7.99	48	-5.73	41	-4.95	48	-4.22	41	-4.78	-2.41	-3.85	-3.98	3	17
P04181_1_439_1oat_pdb_KYNU_PLP_1.dlg	KYN	-10.23	4	-9.59	72	-3.81	4	-5.5	72	-9.2	-8.79	-4.5	-5.26	2	10
P04181_1_439_2byl_pdb_KYNU_PLP_1.dlg	KYN	-11.18	81	-11.18	81	-4.96	81	-4.96	81	-9.89	-9.89	-4.68	-4.68	1	22
P06737_1_847_2zb2_pdb_KYNU_PLP_2.dlg	KYN	-13.65	80	-13.16	55	-6.1	80	-6.01	55	-12.0	-11.25	-5.76	-6.22	3	21
Q99259_93_594_2okj_pdb_KYNU_PLP_2.dlg	KYN	-12.56	5	-11.14	2	-6.99	5	-6.64	2	-11.24	-9.37	-6.61	-5.85	6	17
P17735_51_442_4ge9.1.A_swissmodel_KYNU_PLP_1.dlg	KYN	-10.24	57	-8.39	66	-5.03	57	-6.81	66	-7.07	-6.28	-3.62	-5.98	4	27
Q9Y697_67_457_5kz5_pdb_KYNU_PLP_10.dlg
P11926_2_421_4zgy_pdb_KYNU_PLP_1.dlg	KYN	-12.28	33	-11.98	61	-6.31	33	-6.71	61	-12.28	-10.67	-6.31	-5.46	2	14
O15382_28_392_5i5v_pdb_KYNU_PLP_1.dlg	KYN	-15.21	27	-13.47	16	-6.57	27	-6.63	16	-13.68	-12.21	-6.14	-5.97	2	11
P80404_39_499_4y0d.1.A_swissmodel_KYNU_PLP_1.dlg	KYN	-13.39	9	-13.08	44	-7.62	9	-7.25	44	-11.61	-11.63	-7.15	-6.64	2	57
Q8N5Z0_1_425_4geb_pdb_KYNU_PLP_2.dlg	KYN	-15.79	49	-15.78	24	-5.28	49	-5.79	24	-14.45	-14.41	-5.88	-5.97	2	58
P04181_38_439_1gbn_pdb_KYNU_PLP_2.dlg	KYN	-11.04	90	-10.55	27	-5.99	90	-4.5	27	-10.1	-9.6	-6.38	-4.92	4	27
P21549_1_392_1h0c_pdb_KYNU_PLP_1.dlg	KYN	-13.09	1	-13.09	1	-7.26	1	-7.26	1	-9.6	-9.6	-6.46	-6.46	1	49
Q8N5Z0_1_425_3dc1_pdb_KYNU_PLP_2.dlg	KYN	-12.77	40	-12.77	40	-4.74	40	-4.74	40	-11.54	-11.54	-4.98	-4.98	1	19
O15382_28_392_5bwx_pdb_KYNU_PLP_1.dlg	KYN	-14.62	9	-14.62	9	-7.42	9	-7.42	9	-12.83	-12.83	-6.39	-6.39	1	33
Q16773_1_422_3fvs_pdb_KYNU_PLP_2.dlg	KYN	-14.32	87	-14.32	87	-6.77	87	-6.77	87	-11.26	-11.26	-6.59	-6.59	1	76
Q9HD40_1_501_4zdo_pdb_KYNU_PLP_3.dlg	KYN	-13.67	21	-12.68	9	-6.96	21	-5.55	9	-12.14	-11.9	-6.76	-5.43	4	12
Q9GZT4_1_340_3l6r_pdb_KYNU_PLP_1.dlg	KYN	-12.12	13	-12.12	13	-6.4	13	-6.4	13	-10.54	-10.54	-6.42	-6.42	1	24
Q8IYQ7_1kl7.1.A_227_740_KYNU_PLP_2.dlg	KYN	-11.41	15	-11.41	15	-4.6	15	-4.6	15	-10.38	-10.38	-4.68	-4.68	1	25
P22557_151_541_2bwp.1.A_swissmodel_KYNU_PLP_1.dlg	KYN	-8.2	59	-7.4	40	-5.19	59	-4.0	40	-5.58	-3.77	-3.43	-2.56	2	33
P32929_1_405_3elp_pdb_KYNU_PLP_2.dlg	KYN	-10.84	62	-10.56	83	-3.38	62	-6.03	83	-10.84	-9.42	-3.38	-5.59	3	7
O15382_28_392_5bwv_pdb_KYNU_PLP_2.dlg	KYN	-15.38	18	-15.38	18	-6.84	18	-6.84	18	-13.76	-13.76	-6.98	-6.98	1	31
P11217_13_837_3zcp.1.A_swissmodel_KYNU_PLP_2.dlg	KYN	-13.96	82	-13.96	82	-7.07	82	-7.07	82	-12.06	-12.06	-7.23	-7.23	1	11
P22557_194_547_1fc4.1.A_swissmodel_KYNU_PLP_1.dlg	KYN	-11.91	58	-11.91	58	-5.87	58	-5.87	58	-8.77	-8.77	-4.25	-4.25	1	80
P54687_21_386_2abj.1.A_swissmodel_KYNU_PLP_2.dlg	KYN	-11.86	97	-11.7	94	-5.63	97	-6.62	94	-11.43	-9.81	-5.5	-5.84	2	12
Q96GA7_11_328_2rkb.1.A_swissmodel_KYNU_PLP_1.dlg	KYN	-12.82	9	-12.82	9	-6.12	9	-6.12	9	-11.67	-11.67	-5.8	-5.8	1	19
P24298_19_495_3tcm.1.A_swissmodel_KYNU_PLP_2.dlg	KYN	-4.35	35	-4.35	35	-1.2	35	-1.2	35	1.93	1.93	1.07	1.07	1	17
P34897_22_504_4pvf_pdb_KYNU_PLP_3.dlg	KYN	-11.81	69	-10.99	60	-7.72	69	-6.8	60	-8.98	-9.05	-6.41	-6.04	2	32
O15382_28_392_1ekf_pdb_KYNU_PLP_2.dlg	KYN	-14.26	9	-14.26	9	-6.1	9	-6.1	9	-12.31	-12.31	-6.24	-6.24	1	26
P21549_1_392_4cbs_pdb_KYNU_PLP_1.dlg	KYN	-8.71	73	-8.71	73	-3.25	73	-3.25	73	-1.56	-1.56	-1.71	-1.71	1	36
O15382_28_392_1ekp_pdb_KYNU_PLP_2.dlg	KYN	-14.33	1	-14.33	1	-6.95	1	-6.95	1	-12.42	-12.42	-6.02	-6.02	1	50
O15382_28_392_5i5s_pdb_KYNU_PLP_1.dlg	KYN	-15.36	48	-15.36	48	-7.13	48	-7.13	48	-12.99	-12.99	-6.91	-6.91	1	16
P32929_1_402_3cog_pdb_KYNU_PLP_2.dlg	KYN	-10.33	91	-9.74	40	-6.63	91	-3.55	40	-9.08	-8.48	-5.96	-3.09	2	19
P20132_1_328_4h27_pdb_KYNU_PLP_1.dlg	KYN	-11.6	58	-11.5	6	-4.86	58	-6.35	6	-10.74	-10.67	-5.12	-6.96	3	12
O15382_28_392_1ekv_pdb_KYNU_PLP_2.dlg	KYN	-15.4	27	-15.37	92	-6.88	27	-7.62	92	-13.18	-13.44	-6.42	-6.38	2	38
P04181_1_439_2oat_pdb_KYNU_PLP_4.dlg	KYN	-12.21	40	-10.9	48	-7.62	40	-4.74	48	-12.21	-9.75	-7.62	-5.4	5	33
Q8TBG4_7_438_4ysn.1.A_swissmodel_KYNU_PLP_3.dlg	KYN	-3.68	61	-3.68	61	-3.85	61	-3.85	61	4.49	4.49	-0.05	-0.05	1	15
Q9GZT4_3_329_3l6r.1.A_swissmodel_KYNU_PLP_1.dlg	KYN	-11.75	94	-11.75	94	-6.1	94	-6.1	94	-8.72	-8.72	-5.25	-5.25	1	29
O15382_28_392_2a1h_pdb_KYNU_PLP_1.dlg	KYN	-14.5	12	-13.41	100	-5.12	12	-6.26	100	-13.56	-12.7	-5.97	-5.82	3	25
P11926_1_461_5bwa_pdb_KYNU_PLP_1.dlg	KYN	-13.22	39	-13.22	39	-5.14	39	-5.14	39	-11.94	-11.94	-4.89	-4.89	1	34
P23378_53_1006_4lgl.1.A_swissmodel_KYNU_PLP_1.dlg	KYN	-9.5	47	-9.06	21	-5.76	47	-4.14	21	-7.7	-7.86	-5.05	-4.27	2	22
Q16773_1_422_4wp0_pdb_KYNU_PLP_2.dlg	KYN	-13.57	8	-13.57	8	-7.21	8	-7.21	8	-12.09	-12.09	-6.17	-6.17	1	64
P00505_32_430_5ax8.2.B_swissmodel_KYNU_PLP_2.dlg	KYN	-14.5	24	-12.2	93	-5.3	24	-4.36	93	-13.53	-11.66	-4.65	-4.46	15	8
Q8N5Z0_1_425_3dc1_pdb_KYNU_PLP_1.dlg	KYN	-14.38	64	-14.38	64	-5.86	64	-5.86	64	-12.39	-12.39	-5.7	-5.7	1	38
P13196_199_595_2bwp.1.A_swissmodel_KYNU_PLP_1.dlg	KYN	-7.33	88	-7.05	89	-5.45	88	-5.01	89	-4.96	-3.97	-3.88	-2.91	2	35
Q8NHS2_5_399_3wzf.1.A_swissmodel_KYNU_PLP_2.dlg	KYN	-10.21	36	-9.75	20	-5.02	36	-5.14	20	-10.21	-8.16	-5.02	-4.63	3	7
P32929_10_399_3cog.1.A_swissmodel_KYNU_PLP_1.dlg	KYN	-6.87	35	0.9	42	-2.12	35	-1.04	42	3.12	6.59	1.69	1.12	6	23
Q8N5Z0_1_425_5eun_pdb_KYNU_PLP_1.dlg	KYN	-13.04	80	-12.7	21	-3.22	80	-3.75	21	-11.09	-11.33	-2.84	-3.23	2	39
Q9HD40_1_501_3hl2_pdb_KYNU_PLP_1.dlg	KYN	-14.6	68	-14.6	68	-6.88	68	-6.88	68	-12.92	-12.92	-5.9	-5.9	1	24
Q9Y697_67_457_5kz5_pdb_KYNU_PLP_1.dlg
P80404_39_499_4y0d.1.A_swissmodel_KYNU_PLP_2.dlg	KYN	-13.67	4	-13.67	4	-7.58	4	-7.58	4	-11.26	-11.26	-6.32	-6.32	1	55
P34897_43_504_4pvf.1.A_swissmodel_KYNU_PLP_2.dlg	KYN	-10.66	73	-10.03	39	-4.88	73	-6.62	39	-8.46	-7.62	-4.02	-5.54	2	21
Q8N5Z0_1_425_3ue8_pdb_KYNU_PLP_2.dlg	KYN	-13.69	37	-13.69	37	-6.08	37	-6.08	37	-12.05	-12.05	-5.52	-5.52	1	44
Q9HD40_1_501_4zdo_pdb_KYNU_PLP_1.dlg	KYN	-12.8	80	-12.76	75	-6.12	80	-6.67	75	-11.22	-11.61	-5.43	-5.64	2	15
P22557_151_541_2bwp.1.A_swissmodel_KYNU_PLP_2.dlg	KYN	-9.65	33	-7.88	26	-4.4	33	-4.76	26	-6.31	-6.37	-3.52	-3.99	7	14
Q9HD40_1_501_4zdl_pdb_KYNU_PLP_3.dlg	KYN	-13.64	70	-13.64	70	-6.18	70	-6.18	70	-12.21	-12.21	-6.49	-6.49	1	19
Q16773_1_422_1w7m_pdb_KYNU_PLP_2.dlg	KYN	-13.94	42	-13.94	42	-7.52	42	-7.52	42	-12.0	-12.0	-5.88	-5.88	1	52
P06737_1_847_1exv_pdb_KYNU_PLP_1.dlg	KYN	-13.23	42	-12.76	23	-7.04	42	-8.32	23	-12.47	-10.86	-6.65	-7.07	4	16
Q99259_90_594_3vp6_pdb_KYNU_PLP_2.dlg	KYN	-13.85	2	-12.27	87	-4.96	2	-6.49	87	-12.01	-10.35	-4.38	-5.4	2	16
O15382_28_392_5i5u_pdb_KYNU_PLP_1.dlg	KYN	-15.67	15	-15.67	15	-7.45	15	-7.45	15	-13.03	-13.03	-6.56	-6.56	1	39
Q9Y697_56_457_5usr.1.A_swissmodel_KYNU_PLP_1.dlg	KYN	-10.93	56	-9.24	44	-7.03	56	-4.02	44	-10.08	-8.45	-6.04	-3.25	6	14
Q16773_1_422_1w7n_pdb_KYNU_PLP_1.dlg	KYN	-17.03	43	-17.03	43	-7.43	43	-7.43	43	-15.03	-15.03	-6.18	-6.18	1	49
P21549_1_392_4cbr_pdb_KYNU_PLP_1.dlg	KYN	-12.63	96	-12.63	96	-7.55	96	-7.55	96	-9.1	-9.1	-6.48	-6.48	1	56
P17735_41_444_3dyd_pdb_KYNU_PLP_1.dlg	KYN	-12.1	28	-12.1	28	-4.29	28	-4.29	28	-10.11	-10.11	-3.58	-3.58	1	13
Q99259_90_594_3vp6_pdb_KYNU_PLP_1.dlg	KYN	-12.93	73	-12.93	73	-3.63	73	-3.63	73	-10.97	-10.97	-3.36	-3.36	1	16
Q8IUZ5_10_438_5g4i.1.A_swissmodel_KYNU_PLP_2.dlg	KYN	-13.78	98	-13.24	82	-6.94	98	-5.55	82	-13.78	-12.19	-6.94	-4.99	2	15
Q8IUZ5_10_438_5g4i.1.A_swissmodel_KYNU_PLP_1.dlg	KYN	-13.96	7	-12.85	51	-9.24	7	-5.22	51	-12.49	-12.24	-8.02	-5.09	7	7
P06737_1_847_1l5r_pdb_KYNU_PLP_3.dlg	KYN	-12.73	81	-11.45	22	-8.37	81	-6.54	22	-11.05	-10.28	-7.1	-5.87	8	11
Q8N5Z0_1_425_4ge9_pdb_KYNU_PLP_2.dlg	KYN	-15.16	1	-15.16	1	-7.01	1	-7.01	1	-13.69	-13.69	-6.6	-6.6	1	21
P21549_1_392_4kyo_pdb_KYNU_PLP_1.dlg	KYN	-7.61	87	-7.61	87	-6.0	87	-6.0	87	-4.66	-4.66	-5.02	-5.02	1	17
Q9HD40_1_501_4zdl_pdb_KYNU_PLP_4.dlg	KYN	-15.38	100	-14.11	23	-7.86	100	-6.79	23	-13.67	-12.41	-7.26	-6.41	5	15
P32929_1_402_3cog_pdb_KYNU_PLP_4.dlg	KYN	-5.88	19	-5.88	19	-3.17	19	-3.17	19	-0.72	-0.72	-2.26	-2.26	1	22
O75600_41_418_3tqx.1.A_swissmodel_KYNU_PLP_1.dlg	KYN	-12.72	74	-12.72	74	-7.89	74	-7.89	74	-11.33	-11.33	-7.05	-7.05	1	31
