KYN	Best Cluster (kcal/mol)	Run	Largest Cluster (kcal/mol)	Run	Best Cluster Res (kcal/mol)	Run	Largest Cluster Res (kcal/mol)	Run	Largest Cluster Res Best (kcal/mol)	Run	Largest Cluster Res Mean (kcal/mol)	bestbest (kcal/mol)	Run	Largest Cluster	Num in Largest Cluster
P06737_1_847_1l5q_pdb_KYNU_PLP_1.dlg	-13.29	96	-12.88	8	-6.85	96	-8.94	8	-8.94	8	-7.24	-8.94	8	3	11
O15382_28_392_1ekv_pdb_KYNU_PLP_1.dlg	-15.02	76	-15.02	76	-7.74	76	-7.74	76	-8.59	74	-7.66	-8.59	74	1	24
Q6ZQY3_35_520_5hsj.1.A_swissmodel_KYNU_PLP_1.dlg	-11.8	98	-11.8	98	-6.09	98	-6.09	98	-6.09	98	-5.49	-7.2	57	1	12
Q6YP21_41_450_3e2y.1.A_swissmodel_KYNU_PLP_2.dlg	-17.84	87	-17.84	87	-7.18	87	-7.18	87	-8.74	15	-7.32	-8.74	15	1	38
Q4AC99_168_554_3ath.1.A_swissmodel_KYNU_PLP_1.dlg	-10.54	100	-10.13	80	-4.41	100	-6.63	80	-7.48	55	-6.19	-8.23	67	4	12
P04181_1_439_2byl_pdb_KYNU_PLP_2.dlg	-10.67	44	-8.52	30	-5.14	44	-4.7	30	-4.7	30	-3.94	-7.0	63	12	19
Q8TBG4_7_438_4ysn.1.A_swissmodel_KYNU_PLP_1.dlg	-7.83	59	-7.83	59	-5.07	59	-5.07	59	-5.25	6	-2.29	-6.71	37	1	36
Q9Y697_67_457_5kz5_pdb_KYNU_PLP_8.dlg
Q16773_4_422_4wp0.1.A_swissmodel_KYNU_PLP_1.dlg	-14.78	9	-14.1	99	-7.36	9	-7.12	99	-7.12	99	-5.6	-7.59	31	2	41
O15382_28_392_1kta_pdb_KYNU_PLP_1.dlg	-15.37	50	-15.37	50	-7.02	50	-7.02	50	-7.25	56	-6.45	-8.5	72	1	53
P11216_22_840_5iko.1.A_swissmodel_KYNU_PLP_1.dlg	-13.61	45	-13.61	45	-6.02	45	-6.02	45	-7.26	78	-6.25	-7.26	78	1	15
Q9Y697_67_457_5kz5_pdb_KYNU_PLP_6.dlg
P0DN79_41_550_4l3v.1.A_swissmodel_KYNU_PLP_1.dlg	-4.23	83	-4.23	83	-1.98	83	-1.98	83	-1.98	83	2.51	-4.44	34	1	18
O15382_28_392_5i60_pdb_KYNU_PLP_2.dlg	-13.48	39	-12.08	64	-6.06	39	-5.61	64	-6.36	87	-4.91	-7.67	46	6	20
P11216_22_840_5iko.1.A_swissmodel_KYNU_PLP_4.dlg	-13.9	88	-13.9	88	-6.21	88	-6.21	88	-7.47	98	-6.0	-7.47	98	1	39
P11926_1_461_2on3_pdb_KYNU_PLP_2.dlg	-10.24	71	-9.99	45	-6.35	71	-5.04	45	-6.35	59	-5.1	-6.83	21	3	8
P20711_1_480_3rbf.1.B_swissmodel_KYNU_PLP_2.dlg	-10.42	31	-10.41	69	-2.26	31	-4.27	69	-4.42	14	-3.32	-7.2	87	2	22
Q9Y697_67_457_5kz5_pdb_KYNU_PLP_5.dlg
P06737_1_847_1l5r_pdb_KYNU_PLP_1.dlg	-13.33	22	-11.47	17	-6.18	22	-6.55	17	-6.58	21	-5.88	-8.57	5	14	15
P11216_22_840_5iko.1.A_swissmodel_KYNU_PLP_3.dlg	-13.33	18	-13.16	53	-6.72	18	-6.54	53	-7.51	64	-6.56	-7.51	64	2	22
P04181_1_439_2oat_pdb_KYNU_PLP_3.dlg	-11.35	82	-10.54	95	-6.52	82	-6.17	95	-6.86	61	-5.51	-7.18	39	4	40
Q96I15_8_445_3gzc_pdb_KYNU_PLP_1.dlg	-12.27	10	-9.77	19	-6.76	10	-6.6	19	-7.15	71	-5.17	-7.15	71	3	23
O15382_28_392_5cr5_pdb_KYNU_PLP_1.dlg	-15.44	59	-15.44	59	-6.59	59	-6.59	59	-6.66	12	-5.92	-7.71	94	1	45
P06737_6_839_1fa9.1.A_swissmodel_KYNU_PLP_1.dlg	-14.35	61	-14.35	61	-5.86	61	-5.86	61	-6.6	71	-5.62	-8.02	23	1	25
Q96I15_29_444_3gzc.1.A_swissmodel_KYNU_PLP_2.dlg	-9.55	83	-8.76	39	-4.91	83	-1.87	39	-2.65	59	-2.21	-6.37	85	10	16
Q96GA7_11_328_2rkb_pdb_KYNU_PLP_1.dlg	-13.69	58	-13.69	58	-5.79	58	-5.79	58	-6.45	13	-5.6	-8.08	69	1	15
P11216_1_843_5ikp_pdb_KYNU_PLP_1.dlg	-15.75	8	-15.75	8	-2.78	8	-2.78	8	-2.78	8	-2.46	-4.36	56	1	30
P20711_1_383_1js6.1.A_swissmodel_KYNU_PLP_2.dlg	-11.18	10	-10.89	83	-3.19	10	-7.64	83	-8.14	77	-6.96	-8.14	77	3	19
P04181_36_439_2byj.1.A_swissmodel_KYNU_PLP_2.dlg	-11.18	17	-11.18	17	-5.65	17	-5.65	17	-6.16	36	-5.16	-7.61	74	1	27
P34896_8_483_1eji.1.D_swissmodel_KYNU_PLP_2.dlg	-10.62	54	-10.62	54	-6.64	54	-6.64	54	-6.94	97	-6.09	-7.44	29	1	16
Q96I15_29_444_3gzc.1.A_swissmodel_KYNU_PLP_1.dlg	-10.81	79	-9.97	73	-6.86	79	-6.81	73	-6.88	80	-5.47	-7.24	92	2	34
O15382_28_392_1kta_pdb_KYNU_PLP_2.dlg	-15.22	94	-15.22	94	-7.02	94	-7.02	94	-7.6	91	-6.57	-8.32	43	1	43
P06737_1_847_1exv_pdb_KYNU_PLP_2.dlg	-12.56	41	-11.94	16	-5.83	41	-6.29	16	-6.29	16	-5.3	-8.64	34	8	16
P06737_24_832_3ceh_pdb_KYNU_PLP_2.dlg	-12.82	65	-12.82	65	-7.21	65	-7.21	65	-8.03	24	-7.25	-8.71	30	1	12
Q96EN8_35_495_5j8q.1.A_swissmodel_KYNU_PLP_1.dlg	-10.94	38	-9.02	3	-7.09	38	-6.48	3	-6.68	45	-5.72	-7.09	38	5	41
Q16773_1_422_1w7n_pdb_KYNU_PLP_2.dlg	-16.79	77	-16.79	77	-6.81	77	-6.81	77	-7.01	83	-5.83	-7.07	79	1	68
P21549_1_392_3r9a_pdb_KYNU_PLP_1.dlg	-12.42	50	-12.42	50	-6.02	50	-6.02	50	-7.27	61	-5.66	-7.27	61	1	54
P21549_1_388_2yob_pdb_KYNU_PLP_2.dlg	-13.65	49	-13.58	59	-8.76	49	-7.2	59	-7.44	91	-6.17	-8.76	49	2	36
P34897_43_504_4pvf.1.A_swissmodel_KYNU_PLP_4.dlg	-10.59	90	-9.69	22	-4.39	90	-7.03	22	-7.03	22	-6.22	-7.23	40	3	14
P21549_1_392_4kxk_pdb_KYNU_PLP_1.dlg	-7.17	30	-7.17	30	-5.15	30	-5.15	30	-5.15	30	-0.82	-5.25	20	1	11
P17174_14_412_3ii0_pdb_KYNU_PLP_1.dlg	-14.36	69	-14.03	15	-6.1	69	-6.03	15	-7.57	9	-4.99	-7.57	9	2	29
O15382_28_392_2hg8_pdb_KYNU_PLP_1.dlg	-15.58	87	-15.58	87	-6.94	87	-6.94	87	-7.51	91	-6.35	-10.3	51	1	36
P20711_1_480_3rbf_pdb_KYNU_PLP_2.dlg	-11.11	91	-11.11	91	-4.0	91	-4.0	91	-4.03	63	-3.23	-7.65	70	1	16
Q9Y697_67_457_5kz5_pdb_KYNU_PLP_7.dlg
Q9GZT4_1_340_3l6b_pdb_KYNU_PLP_2.dlg	-12.19	44	-12.19	44	-6.74	44	-6.74	44	-6.78	37	-5.44	-7.72	40	1	40
Q99259_93_594_2okj_pdb_KYNU_PLP_1.dlg	-11.42	14	-11.2	56	-6.8	14	-6.92	56	-7.08	42	-4.91	-7.55	91	2	13
P32929_1_402_2nmp_pdb_KYNU_PLP_4.dlg	-9.88	40	-9.88	40	-4.97	40	-4.97	40	-6.14	49	-3.95	-7.27	8	1	32
P23378_53_1006_4lgl.1.A_swissmodel_KYNU_PLP_2.dlg	-8.99	80	-8.99	80	-5.05	80	-5.05	80	-5.51	19	-4.22	-5.89	6	1	20
O15382_28_392_5bwu_pdb_KYNU_PLP_1.dlg	-15.52	13	-15.52	13	-7.79	13	-7.79	13	-7.85	54	-6.63	-8.27	30	1	31
Q9Y600_1_493_2jis_pdb_KYNU_PLP_1.dlg	-12.7	3	-12.7	3	-7.04	3	-7.04	3	-7.97	20	-6.81	-7.97	20	1	19
P06737_1_847_1l5q_pdb_KYNU_PLP_2.dlg	-13.68	67	-13.68	67	-9.03	67	-9.03	67	-9.03	67	-6.94	-9.03	67	1	19
Q16719_6_460_2hzp.1.A_swissmodel_KYNU_PLP_2.dlg	-8.87	9	-8.86	89	-5.83	9	-6.48	89	-7.32	91	-6.53	-7.37	22	2	20
Q9Y617_17_370_3e77_pdb_KYNU_PLP_1.dlg	-11.28	72	-10.58	80	-5.04	72	-4.35	80	-4.35	80	-3.64	-8.04	11	9	7
P06737_24_832_3cej_pdb_KYNU_PLP_1.dlg	-13.44	76	-12.47	88	-7.38	76	-7.36	88	-7.65	10	-6.56	-7.99	35	3	15
Q05329_88_584_2okk_pdb_KYNU_PLP_1.dlg	-12.47	19	-12.47	19	-4.23	19	-4.23	19	-4.48	81	-3.38	-8.23	10	1	18
Q9NUV7_105_529_4bmk.1.A_swissmodel_KYNU_PLP_2.dlg	-14.53	6	-14.53	6	-6.63	6	-6.63	6	-6.65	73	-5.76	-7.7	46	1	43
P21549_1_392_1j04_pdb_KYNU_PLP_1.dlg	-14.33	5	-14.33	5	-7.51	5	-7.51	5	-7.9	17	-6.72	-8.57	35	1	32
O15382_28_392_2hdk_pdb_KYNU_PLP_2.dlg	-14.94	11	-14.94	11	-6.74	11	-6.74	11	-6.82	40	-5.76	-8.78	100	1	36
Q9GZT4_3_329_3l6r.1.A_swissmodel_KYNU_PLP_2.dlg	-11.3	34	-11.3	34	-6.55	34	-6.55	34	-6.76	24	-5.25	-6.92	10	1	24
O15382_28_392_1kt8_pdb_KYNU_PLP_2.dlg	-15.82	72	-14.95	44	-6.84	72	-6.78	44	-7.51	20	-6.69	-8.48	23	2	31
Q9Y697_67_457_5kz5_pdb_KYNU_PLP_4.dlg
P11216_1_843_5iko_pdb_KYNU_PLP_1.dlg	-15.33	43	-15.33	43	-6.53	43	-6.53	43	-6.93	13	-6.55	-7.81	88	1	18
O15382_28_392_5hne_pdb_KYNU_PLP_1.dlg	-14.03	87	-11.55	61	-5.94	87	-4.98	61	-6.35	26	-5.35	-7.93	10	6	15
Q16773_1_422_3fvs_pdb_KYNU_PLP_1.dlg	-14.22	37	-14.22	37	-6.93	37	-6.93	37	-8.3	11	-6.8	-8.3	11	1	44
P04181_1_439_2oat_pdb_KYNU_PLP_2.dlg	-11.48	86	-11.48	86	-5.53	86	-5.53	86	-6.2	38	-5.3	-6.95	100	1	36
P54687_21_386_2abj_pdb_KYNU_PLP_1.dlg	-14.06	84	-14.06	84	-6.49	84	-6.49	84	-7.58	2	-6.35	-8.54	54	1	33
Q9Y617_17_370_3e77_pdb_KYNU_PLP_2.dlg	-12.71	38	-12.71	38	-9.0	38	-9.0	38	-9.45	96	-8.61	-9.81	8	1	10
P17735_51_442_4ge9.1.A_swissmodel_KYNU_PLP_2.dlg	-10.67	81	-10.67	81	-6.7	81	-6.7	81	-6.7	81	-5.51	-7.11	92	1	22
O15382_28_392_2a1h_pdb_KYNU_PLP_2.dlg	-15.37	24	-14.08	38	-5.52	24	-6.65	38	-6.65	38	-5.73	-8.92	22	3	20
P21549_1_392_4kxk_pdb_KYNU_PLP_2.dlg	-7.12	95	-7.12	95	-5.51	95	-5.51	95	-5.51	95	-1.99	-5.51	95	1	9
O15382_28_392_5i5x_pdb_KYNU_PLP_1.dlg	-14.67	87	-14.67	87	-6.85	87	-6.85	87	-7.3	34	-6.36	-8.3	18	1	36
P17174_2_413_3wzf.1.A_swissmodel_KYNU_PLP_1.dlg	-13.92	83	-13.51	69	-6.4	83	-4.31	69	-5.25	97	-4.42	-8.4	72	2	20
P21549_1_392_3r9a_pdb_KYNU_PLP_2.dlg	-12.9	20	-9.63	54	-6.82	20	-6.84	54	-7.46	77	-5.98	-7.46	77	3	37
Q16773_1_422_3fvu_pdb_KYNU_PLP_2.dlg	-15.84	15	-14.32	70	-7.8	15	-7.94	70	-8.0	99	-6.79	-8.7	37	2	31
Q8N5Z0_1_425_2xh1_pdb_KYNU_PLP_2.dlg	-14.59	64	-14.59	64	-6.05	64	-6.05	64	-6.66	6	-5.25	-7.21	25	1	38
Q4AC99_134_553_1m7y.1.A_swissmodel_KYNU_PLP_1.dlg	-10.99	54	-10.99	54	-4.98	54	-4.98	54	-5.81	51	-5.34	-6.62	77	1	13
P54687_1_386_2coi_pdb_KYNU_PLP_2.dlg	-14.49	63	-14.49	63	-6.8	63	-6.8	63	-6.99	88	-5.66	-8.32	3	1	47
Q96QU6_55_475_1m7y.1.A_swissmodel_KYNU_PLP_1.dlg	-13.55	33	-10.47	38	-7.58	33	-4.99	38	-5.34	23	-4.65	-7.83	76	9	16
Q16773_4_422_4wp0.1.A_swissmodel_KYNU_PLP_2.dlg	-14.2	20	-14.2	20	-7.49	20	-7.49	20	-8.25	97	-6.07	-8.25	97	1	63
P04181_1_439_2oat_pdb_KYNU_PLP_1.dlg	-11.71	54	-11.71	54	-5.26	54	-5.26	54	-6.17	9	-5.42	-7.79	64	1	47
O15382_28_392_5bww_pdb_KYNU_PLP_2.dlg	-14.91	18	-13.32	82	-6.49	18	-7.81	82	-8.88	79	-7.34	-8.88	79	4	24
P20132_4_322_1p5j.1.A_swissmodel_KYNU_PLP_1.dlg	-15.49	85	-14.58	23	-7.18	85	-6.54	23	-7.38	90	-6.14	-8.57	11	2	27
O15382_28_392_5i5w_pdb_KYNU_PLP_1.dlg	-13.45	62	-11.62	27	-6.14	62	-3.77	27	-5.4	20	-4.08	-7.78	77	8	11
O15382_28_392_5bwr_pdb_KYNU_PLP_1.dlg	-14.52	6	-13.73	53	-8.72	6	-6.15	53	-7.2	57	-6.18	-8.72	6	2	14
P17174_2_413_3wzf_pdb_KYNU_PLP_2.dlg	-14.35	58	-13.09	92	-5.17	58	-6.94	92	-6.94	92	-5.9	-9.3	18	4	19
Q9BYV1_52_496_5g4i.1.A_swissmodel_KYNU_PLP_1.dlg	-11.54	55	-11.32	96	-6.02	55	-5.27	96	-6.15	27	-5.24	-7.41	74	2	9
O15382_28_392_2hg8_pdb_KYNU_PLP_2.dlg	-14.43	64	-14.01	36	-9.16	64	-6.1	36	-6.84	24	-6.0	-9.16	64	3	17
O15382_28_392_5bwv_pdb_KYNU_PLP_1.dlg	-15.59	38	-15.29	62	-6.2	38	-7.84	62	-8.11	84	-7.23	-8.87	88	2	22
Q96I15_8_445_3gzd_pdb_KYNU_PLP_1.dlg	-11.32	80	-11.32	80	-7.23	80	-7.23	80	-7.23	80	-5.86	-7.23	80	1	53
P17174_2_413_3wzf.1.A_swissmodel_KYNU_PLP_2.dlg	-13.06	11	-13.06	11	-4.46	11	-4.46	11	-5.28	93	-4.51	-7.83	89	1	18
Q8IYQ7_1kl7.1.A_227_740_KYNU_PLP_1.dlg	-11.4	71	-10.4	84	-5.24	71	-4.3	84	-5.02	57	-3.98	-7.26	35	3	26
O15382_28_392_5i5y_pdb_KYNU_PLP_2.dlg	-14.91	8	-14.91	8	-7.13	8	-7.13	8	-7.13	8	-6.06	-7.88	47	1	28
Q9Y617_17_370_3e77.1.A_swissmodel_KYNU_PLP_1.dlg	-13.2	43	-11.63	38	-6.39	43	-6.92	38	-7.95	17	-6.94	-7.95	17	4	13
Q96QU6_63_482_1ynu.1.A_swissmodel_KYNU_PLP_1.dlg	-13.45	53	-11.57	14	-7.16	53	-7.13	14	-7.29	6	-6.47	-7.42	9	4	26
Q8TD30_49_523_3ihj_pdb_KYNU_PLP_2.dlg	-11.84	81	-11.2	63	-6.85	81	-4.25	63	-5.28	5	-4.35	-6.94	2	2	9
P06737_1_847_1l5s_pdb_KYNU_PLP_4.dlg	-12.96	67	-12.24	4	-6.85	67	-7.47	4	-8.05	40	-6.51	-8.92	10	3	20
P06737_1_847_1l5s_pdb_KYNU_PLP_1.dlg	-13.13	40	-11.95	5	-5.77	40	-6.66	5	-6.75	61	-5.65	-8.59	96	5	15
P54687_21_386_2abj.1.A_swissmodel_KYNU_PLP_1.dlg	-11.32	98	-10.62	15	-5.9	98	-7.62	15	-7.62	15	-6.71	-7.62	15	7	16
P11926_7_427_1d7k_pdb_KYNU_PLP_1.dlg	-12.18	85	-10.56	73	-5.78	85	-6.82	73	-7.61	74	-6.1	-7.61	74	4	9
P32929_1_402_3cog_pdb_KYNU_PLP_1.dlg	-6.2	48	-6.2	48	-0.33	48	-0.33	48	-2.0	78	1.52	-5.41	68	1	17
P32929_1_402_2nmp_pdb_KYNU_PLP_1.dlg	-8.3	37	-6.52	79	-4.16	37	-4.8	79	-6.78	95	-5.07	-7.22	40	4	25
Q16773_1_422_3fvx_pdb_KYNU_PLP_2.dlg	-14.44	32	-14.44	32	-7.37	32	-7.37	32	-7.67	14	-6.36	-7.9	94	1	68
Q96I15_8_445_3gzc_pdb_KYNU_PLP_2.dlg	-9.29	95	-8.94	61	-5.3	95	-2.49	61	-3.23	26	-2.3	-6.38	82	4	12
Q8N5Z0_1_425_2r2n_pdb_KYNU_PLP_2.dlg	-15.45	96	-15.45	96	-7.04	96	-7.04	96	-7.17	88	-5.62	-8.02	63	1	39
P06737_24_832_3cem_pdb_KYNU_PLP_2.dlg	-13.11	49	-12.08	85	-7.19	49	-8.43	85	-8.43	85	-6.73	-8.43	85	3	21
P32929_1_402_2nmp_pdb_KYNU_PLP_2.dlg	-10.9	45	-10.9	45	-6.01	45	-6.01	45	-6.15	87	-5.08	-6.15	87	1	22
P32929_10_399_3cog.1.A_swissmodel_KYNU_PLP_2.dlg	-10.21	90	-10.21	90	-3.92	90	-3.92	90	-4.14	19	-3.33	-6.79	79	1	15
P34896_8_483_1eji.1.D_swissmodel_KYNU_PLP_4.dlg	-10.84	54	-10.84	54	-6.42	54	-6.42	54	-6.54	66	-5.36	-6.63	11	1	24
Q9HD40_1_501_4zdo_pdb_KYNU_PLP_2.dlg	-13.98	81	-13.98	81	-5.17	81	-5.17	81	-6.86	19	-5.55	-8.55	4	1	17
P06737_2_847_1xoi_pdb_KYNU_PLP_1.dlg	-13.94	70	-12.2	36	-8.47	70	-6.45	36	-6.59	100	-5.64	-8.7	69	6	16
P06737_1_847_1l5s_pdb_KYNU_PLP_3.dlg	-12.95	12	-11.54	33	-5.57	12	-6.47	33	-6.47	33	-5.69	-8.2	40	9	13
Q8N5Z0_1_425_5tf5_pdb_KYNU_PLP_2.dlg	-15.28	30	-15.28	30	-5.51	30	-5.51	30	-7.24	70	-5.77	-7.24	70	1	60
P20711_1_480_3rbl_pdb_KYNU_PLP_2.dlg	-11.26	31	-10.3	86	-4.08	31	-4.47	86	-5.43	6	-4.38	-9.07	84	6	12
P21549_6_392_3r9a.1.A_swissmodel_KYNU_PLP_2.dlg	-12.14	53	-11.07	59	-6.72	53	-6.56	59	-7.53	80	-5.82	-8.1	70	2	32
Q8N5Z0_1_425_2r2n_pdb_KYNU_PLP_1.dlg	-16.12	5	-16.12	5	-6.05	5	-6.05	5	-6.72	6	-5.6	-7.79	26	1	27
O15270_177_540_2bwp.1.A_swissmodel_KYNU_PLP_1.dlg	-7.53	52	-6.64	8	-6.6	52	-3.8	8	-6.65	76	-3.9	-6.7	63	3	37
Q9Y697_67_457_5kz5_pdb_KYNU_PLP_11.dlg
Q86YJ6_1_470_1kl7.1.A_swissmodel_KYNU_PLP_1.dlg	-11.65	66	-11.26	57	-7.89	66	-4.48	57	-6.02	11	-4.35	-8.14	54	3	23
Q9HD40_1_501_4zdo_pdb_KYNU_PLP_4.dlg	-13.64	17	-13.64	17	-7.5	17	-7.5	17	-8.7	42	-7.08	-8.7	42	1	13
Q9HD40_19_462_4zdl.1.A_swissmodel_KYNU_PLP_3.dlg	-15.79	61	-15.57	12	-7.16	61	-7.96	12	-7.96	12	-7.44	-8.54	85	2	9
O95470_111_553_4q6r.1.A_swissmodel_KYNU_PLP_1.dlg	-13.57	7	-11.38	90	-6.72	7	-6.95	90	-6.95	90	-6.0	-7.32	80	5	10
Q9NUV7_155_530_2x8u.1.A_swissmodel_KYNU_PLP_1.dlg	-11.32	1	-11.32	1	-6.54	1	-6.54	1	-6.68	89	-5.09	-7.22	47	1	58
Q8TBG4_7_438_4ysn.1.A_swissmodel_KYNU_PLP_2.dlg	-2.96	16	0.32	3	0.09	16	0.0	3	-4.13	32	-0.6	-5.13	97	3	12
O15382_28_392_5bwt_pdb_KYNU_PLP_2.dlg	-15.43	13	-12.67	36	-7.29	13	-7.73	36	-8.35	48	-7.15	-8.78	86	3	12
P06737_1_847_1l7x_pdb_KYNU_PLP_2.dlg	-13.31	33	-12.55	15	-7.24	33	-6.53	15	-7.53	53	-6.27	-8.66	40	3	29
P17735_41_444_3dyd_pdb_KYNU_PLP_2.dlg	-11.37	22	-11.37	22	-5.13	22	-5.13	22	-6.65	97	-5.11	-6.71	54	1	19
P11926_7_427_1d7k_pdb_KYNU_PLP_2.dlg	-11.58	48	-11.24	95	-7.29	48	-4.16	95	-5.16	57	-3.92	-7.96	14	5	12
P17174_14_412_3ii0_pdb_KYNU_PLP_2.dlg	-14.68	43	-13.07	18	-6.71	43	-7.39	18	-7.39	18	-3.96	-8.0	52	3	36
P22557_194_547_1fc4.1.A_swissmodel_KYNU_PLP_2.dlg	-12.97	58	-12.97	58	-5.85	58	-5.85	58	-6.75	61	-4.88	-7.94	44	1	72
O15270_145_538_1fc4.1.A_swissmodel_KYNU_PLP_2.dlg	-0.22	58	-0.22	58	-2.42	58	-2.42	58	-2.42	58	2.9	-3.4	18	1	15
Q8TBG4_7_438_4ysn.1.A_swissmodel_KYNU_PLP_4.dlg	-6.96	89	-6.96	89	-4.92	89	-4.92	89	-6.32	64	-2.95	-7.44	93	1	39
Q16773_1_422_4wp0_pdb_KYNU_PLP_1.dlg	-14.63	28	-14.61	66	-7.38	28	-6.27	66	-7.74	30	-5.78	-8.84	68	2	54
P06737_2_847_1fc0_pdb_KYNU_PLP_2.dlg	-13.64	52	-13.64	52	-7.16	52	-7.16	52	-7.16	52	-6.89	-8.62	33	1	15
P54687_21_386_2abj_pdb_KYNU_PLP_2.dlg	-13.01	22	-12.61	30	-7.83	22	-6.31	30	-6.92	68	-5.79	-9.25	38	2	27
O15382_28_392_5i5s_pdb_KYNU_PLP_2.dlg	-15.45	66	-15.45	66	-7.29	66	-7.29	66	-7.77	36	-6.75	-8.38	51	1	23
P20711_1_480_3rbf_pdb_KYNU_PLP_1.dlg	-11.62	79	-11.39	22	-7.19	79	-5.44	22	-5.95	55	-5.15	-8.1	84	3	16
Q9Y697_67_457_5kz5_pdb_KYNU_PLP_2.dlg
P34897_22_504_4pvf_pdb_KYNU_PLP_2.dlg	-12.69	35	-11.15	96	-5.62	35	-6.51	96	-7.35	50	-6.15	-7.41	15	2	25
P54687_1_386_2cog_pdb_KYNU_PLP_1.dlg	-13.86	54	-13.86	54	-6.48	54	-6.48	54	-7.12	82	-6.17	-8.46	92	1	63
Q16773_1_422_3fvx_pdb_KYNU_PLP_1.dlg	-14.16	36	-14.16	36	-7.34	36	-7.34	36	-7.55	58	-6.45	-7.94	65	1	60
P06737_2_847_2ati_pdb_KYNU_PLP_2.dlg	-12.79	10	-10.47	28	-5.51	10	-5.96	28	-7.99	93	-6.19	-8.74	9	13	14
O95470_62_568_4q6r_pdb_KYNU_PLP_2.dlg	-14.22	51	-14.22	51	-5.66	51	-5.66	51	-5.91	75	-5.05	-7.99	20	1	28
Q9GZT4_1_340_3l6b_pdb_KYNU_PLP_1.dlg	-12.6	2	-12.6	2	-6.4	2	-6.4	2	-6.85	56	-5.59	-7.42	26	1	29
P11926_7_427_1d7k.1.A_swissmodel_KYNU_PLP_2.dlg	-10.41	52	-9.17	76	-4.5	52	-5.17	76	-5.92	72	-4.94	-6.26	9	5	17
P0DN79_41_550_4l3v.1.A_swissmodel_KYNU_PLP_2.dlg	-2.11	34	-2.11	34	0.95	34	0.95	34	-2.78	54	2.0	-4.46	14	1	12
P06737_6_839_1fa9.1.A_swissmodel_KYNU_PLP_2.dlg	-14.05	74	-13.69	51	-7.18	74	-5.67	51	-6.34	64	-5.58	-7.8	32	2	21
Q9HD40_1_501_4zdl_pdb_KYNU_PLP_1.dlg	-13.82	18	-13.43	20	-5.84	18	-7.16	20	-7.3	94	-6.35	-8.19	82	6	15
O75600_74_419_2x8u.1.A_swissmodel_KYNU_PLP_1.dlg	-12.09	75	-12.09	75	-6.07	75	-6.07	75	-6.35	11	-5.83	-7.02	58	1	9
Q8N5Z0_1_425_4ge4_pdb_KYNU_PLP_2.dlg	-15.53	45	-15.53	45	-7.76	45	-7.76	45	-7.76	45	-6.69	-7.88	38	1	22
P04181_1_439_2byj_pdb_KYNU_PLP_1.dlg	-11.58	81	-11.06	26	-6.28	81	-6.69	26	-6.86	52	-5.88	-7.0	61	4	15
P21549_1_392_1j04_pdb_KYNU_PLP_2.dlg	-14.26	14	-14.26	14	-7.61	14	-7.61	14	-8.0	5	-7.03	-8.29	34	1	49
P20711_1_480_3rch_pdb_KYNU_PLP_2.dlg	-11.95	84	-11.63	49	-6.87	84	-8.63	49	-8.63	49	-8.14	-8.63	49	2	6
P00505_30_430_5ax8_pdb_KYNU_PLP_1.dlg	-13.54	11	-13.27	88	-6.2	11	-4.17	88	-4.86	19	-4.18	-8.6	25	3	17
O75600_74_419_2x8u.1.A_swissmodel_KYNU_PLP_2.dlg	-11.64	20	-10.67	15	-5.76	20	-6.44	15	-6.44	15	-5.61	-6.72	39	4	20
Q9BYV1_65_508_5g4i.1.A_swissmodel_KYNU_PLP_2.dlg	-9.47	38	-9.04	5	-3.33	38	-3.26	5	-3.7	15	-3.23	-7.76	72	6	13
Q8N5Z0_1_425_2xh1_pdb_KYNU_PLP_1.dlg	-13.9	57	-13.39	44	-5.0	57	-4.99	44	-5.66	54	-4.65	-7.31	23	2	31
Q99259_93_593_2okj.1.A_swissmodel_KYNU_PLP_1.dlg	-9.01	38	-9.01	38	-5.83	38	-5.83	38	-6.1	44	-4.75	-6.64	27	1	22
Q96I15_8_445_3gzd_pdb_KYNU_PLP_2.dlg	-10.86	12	-9.71	60	-6.72	12	-4.18	60	-4.48	25	-3.76	-6.93	77	7	14
Q8N5Z0_1_425_4ge9_pdb_KYNU_PLP_1.dlg	-15.81	98	-15.81	98	-7.11	98	-7.11	98	-7.6	100	-6.52	-7.65	5	1	33
Q9BYV1_52_496_5g4i.1.A_swissmodel_KYNU_PLP_2.dlg	-9.65	31	-9.65	31	-2.66	31	-2.66	31	-3.14	33	-2.81	-6.11	13	1	9
Q9Y600_7_493_2jis.1.A_swissmodel_KYNU_PLP_2.dlg	-12.48	17	-11.36	30	-5.57	17	-4.88	30	-6.74	92	-5.54	-7.32	59	3	17
P11216_1_843_5iko_pdb_KYNU_PLP_2.dlg	-14.34	89	-14.34	89	-5.6	89	-5.6	89	-6.56	74	-5.78	-7.62	16	1	23
P34897_22_504_4pvf_pdb_KYNU_PLP_1.dlg	-11.54	61	-10.8	9	-7.63	61	-6.81	9	-7.04	50	-5.81	-7.88	4	3	17
P04181_1_439_2byj_pdb_KYNU_PLP_2.dlg	-11.59	7	-11.59	7	-5.72	7	-5.72	7	-6.03	15	-5.36	-7.19	99	1	24
O15382_28_392_5bwr_pdb_KYNU_PLP_2.dlg	-14.63	32	-13.76	39	-6.49	32	-5.85	39	-5.93	30	-5.41	-8.07	65	2	17
P13196_240_598_3tqx.1.A_swissmodel_KYNU_PLP_2.dlg	-11.41	92	-10.18	17	-7.5	92	-8.38	17	-8.38	17	-7.08	-8.38	17	8	17
P06737_2_847_1xoi_pdb_KYNU_PLP_2.dlg	-14.31	55	-14.31	55	-7.6	55	-7.6	55	-8.0	93	-6.97	-8.41	17	1	28
O15382_28_392_5i60_pdb_KYNU_PLP_1.dlg	-14.28	74	-12.61	96	-6.86	74	-4.46	96	-5.78	97	-4.64	-7.76	58	6	13
O15382_28_392_2hdk_pdb_KYNU_PLP_1.dlg	-15.42	7	-15.42	7	-6.4	7	-6.4	7	-6.44	43	-5.68	-9.4	32	1	28
P06737_2_847_1fc0_pdb_KYNU_PLP_1.dlg	-13.67	27	-12.07	37	-6.36	27	-1.23	37	-1.62	92	-1.29	-7.13	20	8	18
O14977_2_437_4zgz_pdb_KYNU_PLP_1.dlg	-8.15	96	-7.17	49	-6.05	96	-2.5	49	-4.03	85	-3.21	-6.51	82	7	10
P11926_1_461_2oo0_pdb_KYNU_PLP_1.dlg	-11.01	52	-10.54	62	-6.31	52	-3.36	62	-4.67	80	-3.56	-6.93	25	2	24
Q9HD40_19_462_4zdl.1.A_swissmodel_KYNU_PLP_2.dlg	-16.86	5	-16.24	81	-8.24	5	-7.9	81	-8.28	99	-7.44	-8.71	12	5	24
P54687_1_386_2coi_pdb_KYNU_PLP_1.dlg	-13.46	33	-13.46	33	-6.51	33	-6.51	33	-6.58	69	-5.68	-6.82	89	1	50
Q96EN8_35_495_5j8q.1.A_swissmodel_KYNU_PLP_2.dlg	-10.0	8	-8.79	96	-3.29	8	-6.44	96	-6.86	19	-5.98	-7.24	90	7	24
P17735_41_444_3dyd.1.A_swissmodel_KYNU_PLP_2.dlg	-11.29	66	-9.77	10	-5.18	66	-4.9	10	-5.91	94	-5.11	-6.8	56	6	11
P34896_8_483_1eji.1.D_swissmodel_KYNU_PLP_1.dlg	-11.8	80	-11.08	92	-7.2	80	-6.78	92	-7.37	38	-6.5	-7.39	14	2	34
P21549_1_388_2yob_pdb_KYNU_PLP_1.dlg	-13.65	96	-13.65	96	-6.42	96	-6.42	96	-7.33	75	-5.57	-8.58	87	1	47
Q96QU6_55_475_1m7y.1.A_swissmodel_KYNU_PLP_2.dlg	-12.87	3	-9.73	44	-7.15	3	-6.6	44	-6.96	40	-6.32	-7.44	57	17	9
P04181_38_439_1gbn_pdb_KYNU_PLP_1.dlg	-11.45	68	-11.2	39	-5.74	68	-5.77	39	-5.77	39	-5.09	-6.91	46	2	35
P21549_1_392_4kyo_pdb_KYNU_PLP_2.dlg	-7.37	17	-4.41	40	-3.56	17	-3.8	40	-4.7	18	-3.83	-7.82	34	7	11
Q8N5Z0_1_425_5efs_pdb_KYNU_PLP_2.dlg	-15.34	43	-15.34	43	-5.78	43	-5.78	43	-7.38	19	-6.06	-7.93	58	1	72
P04181_36_439_2byj.1.A_swissmodel_KYNU_PLP_1.dlg	-10.86	9	-10.46	21	-6.02	9	-5.86	21	-6.07	44	-5.16	-7.34	52	4	13
O95470_62_568_4q6r_pdb_KYNU_PLP_1.dlg	-13.89	91	-13.89	91	-6.49	91	-6.49	91	-7.26	74	-6.47	-7.26	74	1	15
Q8N5Z0_1_425_5efs_pdb_KYNU_PLP_1.dlg	-15.23	38	-15.14	78	-7.13	38	-6.32	78	-6.8	94	-6.0	-9.26	76	2	39
O14977_10_432_4zgz.1.A_swissmodel_KYNU_PLP_1.dlg	-7.93	89	-7.93	89	-4.99	89	-4.99	89	-5.94	43	-4.54	-5.94	43	1	16
O15382_28_392_5bwx_pdb_KYNU_PLP_2.dlg	-14.76	45	-14.76	45	-7.39	45	-7.39	45	-7.6	72	-6.47	-8.39	31	1	31
Q9Y617_17_370_3e77.1.A_swissmodel_KYNU_PLP_2.dlg	-12.71	44	-12.32	29	-5.58	44	-8.27	29	-8.49	7	-7.54	-8.63	37	3	12
Q9Y697_67_457_5kz5_pdb_KYNU_PLP_9.dlg
P11217_13_837_3zcp.1.A_swissmodel_KYNU_PLP_1.dlg	-14.23	31	-14.23	31	-7.28	31	-7.28	31	-7.85	91	-6.81	-7.91	34	1	12
Q96GA7_11_328_2rkb.1.A_swissmodel_KYNU_PLP_2.dlg	-12.47	100	-12.47	100	-6.09	100	-6.09	100	-7.19	43	-5.88	-8.07	14	1	22
Q8N5Z0_1_425_4gdy_pdb_KYNU_PLP_2.dlg	-14.82	38	-14.82	38	-6.86	38	-6.86	38	-6.9	50	-5.7	-8.16	23	1	64
P20132_1_328_1p5j_pdb_KYNU_PLP_1.dlg	-15.89	22	-14.97	86	-7.03	22	-6.81	86	-7.16	69	-6.13	-8.31	71	2	39
O15382_28_392_5i5t_pdb_KYNU_PLP_2.dlg	-14.85	63	-14.85	63	-6.31	63	-6.31	63	-6.67	72	-5.79	-7.8	46	1	13
P00505_32_430_5ax8.2.B_swissmodel_KYNU_PLP_1.dlg	-15.02	20	-15.02	20	-5.17	20	-5.17	20	-5.56	78	-4.91	-9.1	27	1	17
Q05329_88_584_2okk_pdb_KYNU_PLP_2.dlg	-12.26	29	-10.9	65	-8.11	29	-3.77	65	-4.62	48	-3.82	-8.11	29	4	7
P0DN79_43_545_4pcu.1.A_swissmodel_KYNU_PLP_1.dlg	-11.87	68	-11.37	32	-5.04	68	-3.63	32	-3.78	71	-3.04	-7.48	38	2	11
Q8N5Z0_1_425_3ue8_pdb_KYNU_PLP_1.dlg	-16.95	62	-16.95	62	-6.15	62	-6.15	62	-6.94	21	-5.69	-9.34	58	1	69
Q9Y600_7_493_2jis.1.A_swissmodel_KYNU_PLP_1.dlg	-12.1	19	-12.1	19	-7.63	19	-7.63	19	-7.81	54	-6.56	-7.81	54	1	21
P06737_1_847_1em6_pdb_KYNU_PLP_1.dlg	-14.07	28	-12.43	13	-8.7	28	-6.17	13	-6.65	76	-6.1	-8.82	56	5	29
P00505_30_430_5ax8_pdb_KYNU_PLP_2.dlg	-16.54	91	-15.92	44	-7.05	91	-5.95	44	-5.95	44	-5.49	-9.11	99	2	16
Q9HD40_1_501_4zdl_pdb_KYNU_PLP_2.dlg	-15.54	91	-14.27	13	-7.86	91	-7.31	13	-7.31	13	-6.51	-7.94	37	4	14
Q05329_168_585_4obv.1.A_swissmodel_KYNU_PLP_1.dlg	-11.94	14	-11.94	14	-4.52	14	-4.52	14	-5.07	48	-4.08	-8.28	40	1	31
P21549_1_392_4cbr_pdb_KYNU_PLP_2.dlg	-13.6	74	-13.6	74	-6.82	74	-6.82	74	-7.64	5	-6.26	-7.64	5	1	57
O15382_28_392_2hgw_pdb_KYNU_PLP_1.dlg	-14.68	75	-13.75	17	-5.73	75	-7.37	17	-8.15	95	-6.92	-9.78	97	3	18
Q8N5Z0_2_425_2vgz_pdb_KYNU_PLP_2.dlg	-14.69	91	-14.69	91	-6.53	91	-6.53	91	-6.66	63	-5.48	-8.72	32	1	52
P13196_240_598_3tqx.1.A_swissmodel_KYNU_PLP_1.dlg	-12.27	21	-11.49	71	-5.82	21	-7.1	71	-8.0	39	-6.83	-8.05	38	2	18
P0DN79_43_545_4pcu.1.A_swissmodel_KYNU_PLP_2.dlg	-10.79	93	-9.25	17	-4.71	93	-5.99	17	-6.69	50	-5.86	-7.9	33	6	15
Q16773_1_422_4wlj_pdb_KYNU_PLP_1.dlg	-16.75	93	-16.75	93	-8.01	93	-8.01	93	-8.08	72	-7.14	-8.81	14	1	55
O15382_28_392_2hgw_pdb_KYNU_PLP_2.dlg	-15.13	32	-15.13	32	-6.3	32	-6.3	32	-7.22	71	-6.29	-9.04	28	1	17
Q9HD40_1_501_3hl2_pdb_KYNU_PLP_3.dlg	-14.72	27	-14.72	27	-7.03	27	-7.03	27	-7.53	93	-6.13	-8.17	67	1	20
P34897_17_504_3ou5_pdb_KYNU_PLP_2.dlg	-9.48	98	-9.05	96	-3.78	98	-3.26	96	-4.9	74	-3.63	-6.26	15	3	6
Q05329_88_584_2okk.1.A_swissmodel_KYNU_PLP_1.dlg	-11.52	29	-11.4	23	-6.41	29	-3.22	23	-4.0	35	-3.3	-8.07	37	2	10
O95470_111_553_4q6r.1.A_swissmodel_KYNU_PLP_2.dlg	-13.58	100	-13.58	100	-5.42	100	-5.42	100	-6.2	43	-5.02	-7.8	61	1	26
P06737_1_847_1l7x_pdb_KYNU_PLP_1.dlg	-13.14	7	-12.52	35	-5.36	7	-7.98	35	-8.09	77	-7.29	-8.09	77	2	12
P06737_2_847_3dd1_pdb_KYNU_PLP_1.dlg	-13.11	84	-10.48	13	-5.81	84	-6.02	13	-6.51	30	-5.66	-8.94	54	13	13
O15270_112_537_4bmk.1.A_swissmodel_KYNU_PLP_1.dlg	-13.48	67	-13.48	67	-7.14	67	-7.14	67	-7.57	91	-5.92	-7.57	91	1	63
P34897_17_504_3ou5_pdb_KYNU_PLP_1.dlg	-9.48	98	-8.49	69	-6.03	98	-3.22	69	-4.6	99	-3.64	-6.17	16	12	9
P06737_1_847_1l5r_pdb_KYNU_PLP_4.dlg	-13.95	55	-12.25	57	-6.83	55	-7.71	57	-8.42	3	-7.09	-8.56	73	3	15
Q9NUV7_155_530_2x8u.1.A_swissmodel_KYNU_PLP_2.dlg	-11.04	88	-11.04	88	-6.33	88	-6.33	88	-6.33	88	-4.95	-6.8	34	1	55
P32929_1_402_2nmp_pdb_KYNU_PLP_3.dlg	-8.75	28	-8.75	28	-6.41	28	-6.41	28	-6.41	28	-4.0	-7.22	6	1	41
P06737_2_847_3dds_pdb_KYNU_PLP_1.dlg	-12.87	42	-12.87	42	-8.47	42	-8.47	42	-8.49	71	-7.06	-8.49	71	1	22
P32929_1_405_3elp_pdb_KYNU_PLP_3.dlg	-12.26	37	-12.26	37	-5.2	37	-5.2	37	-5.26	53	-4.68	-7.66	95	1	10
P54687_1_386_2coj_pdb_KYNU_PLP_1.dlg	-13.84	13	-13.6	11	-6.87	13	-5.83	11	-7.0	3	-5.83	-8.54	98	2	43
O94903_12_248_1ct5.1.A_swissmodel_KYNU_PLP_1.dlg	-9.99	72	-8.79	45	-4.32	72	-5.91	45	-6.24	4	-5.44	-6.32	73	10	8
O15382_28_392_1ekf_pdb_KYNU_PLP_1.dlg	-13.78	1	-13.32	17	-5.61	1	-5.28	17	-6.18	57	-5.61	-7.46	56	2	23
O15382_28_392_5hne_pdb_KYNU_PLP_2.dlg	-14.79	33	-13.31	13	-6.78	33	-4.54	13	-5.75	39	-4.66	-8.3	1	2	26
P32929_1_405_3elp_pdb_KYNU_PLP_4.dlg	-11.47	37	-10.6	27	-5.93	37	-5.69	27	-5.69	27	-5.14	-7.11	67	2	12
P21549_1_392_1h0c_pdb_KYNU_PLP_2.dlg	-11.74	72	-11.68	94	-6.91	72	-7.56	94	-7.56	94	-6.55	-7.56	94	2	43
P04181_38_439_2can_pdb_KYNU_PLP_1.dlg	-12.7	44	-10.26	43	-7.14	44	-5.25	43	-5.78	3	-4.84	-8.42	23	9	27
P06737_1_847_1l7x_pdb_KYNU_PLP_3.dlg	-13.11	76	-13.09	14	-8.39	76	-5.56	14	-6.45	98	-5.34	-8.67	37	2	14
Q8N5Z0_1_425_5tf5_pdb_KYNU_PLP_1.dlg	-14.89	36	-14.89	36	-5.37	36	-5.37	36	-7.31	34	-5.51	-7.41	3	1	47
Q16773_3_421_4ge9.1.A_swissmodel_KYNU_PLP_2.dlg	-10.33	38	-10.33	38	-6.92	38	-6.92	38	-6.93	41	-4.89	-7.07	68	1	27
P24298_19_495_3tcm.1.A_swissmodel_KYNU_PLP_1.dlg	-9.38	59	-9.38	59	-3.67	59	-3.67	59	-4.28	93	-1.23	-6.71	85	1	25
Q8N5Z0_1_425_4gdy_pdb_KYNU_PLP_1.dlg	-14.51	29	-14.51	29	-6.15	29	-6.15	29	-6.45	15	-5.43	-8.1	87	1	63
P06737_1_847_2zb2_pdb_KYNU_PLP_1.dlg	-11.52	100	-9.24	47	-7.96	100	-5.71	47	-6.03	59	-5.57	-8.04	38	16	14
P21549_6_392_3r9a.1.A_swissmodel_KYNU_PLP_1.dlg	-12.5	73	-12.5	73	-6.11	73	-6.11	73	-7.15	12	-5.95	-7.15	12	1	56
P54687_1_386_2cog_pdb_KYNU_PLP_2.dlg	-13.78	63	-13.78	63	-6.17	63	-6.17	63	-7.33	42	-5.95	-8.29	71	1	38
O15270_145_538_1fc4.1.A_swissmodel_KYNU_PLP_1.dlg	1.26	66	2.14	41	-0.87	66	-0.28	41	-0.28	41	6.02	-6.29	55	4	10
O15382_28_392_5i5x_pdb_KYNU_PLP_2.dlg	-14.94	97	-14.94	97	-7.14	97	-7.14	97	-7.34	71	-6.41	-9.7	87	1	31
O15270_177_540_2bwp.1.A_swissmodel_KYNU_PLP_2.dlg	-7.4	4	-5.99	37	-4.04	4	-7.26	37	-7.28	35	-5.88	-7.28	35	4	22
P20711_1_480_3rbf.1.B_swissmodel_KYNU_PLP_1.dlg	-11.05	96	-11.05	96	-5.27	96	-5.27	96	-6.37	100	-4.83	-8.04	95	1	8
P21549_1_392_4i8a_pdb_KYNU_PLP_1.dlg	-8.58	94	-6.13	69	-5.93	94	-4.74	69	-5.04	23	-3.28	-6.18	1	2	24
O15382_28_392_5bwt_pdb_KYNU_PLP_1.dlg	-14.69	37	-12.74	9	-7.78	37	-6.86	9	-7.92	20	-7.09	-8.46	6	5	13
O15382_28_392_5i5v_pdb_KYNU_PLP_2.dlg	-13.91	45	-11.97	73	-6.4	45	-4.75	73	-6.02	63	-4.95	-7.54	33	9	18
Q4AC99_134_553_1m7y.1.A_swissmodel_KYNU_PLP_2.dlg	-10.87	74	-9.41	43	-4.64	74	-5.96	43	-6.37	71	-5.33	-6.61	59	10	12
Q8N5Z0_1_425_4ge4_pdb_KYNU_PLP_1.dlg	-16.98	64	-16.88	12	-5.84	64	-6.76	12	-7.81	50	-6.74	-8.26	73	2	26
P21549_1_392_4cbs_pdb_KYNU_PLP_2.dlg	-8.66	31	-8.66	31	-3.87	31	-3.87	31	-4.79	11	-2.23	-5.89	82	1	35
Q16773_1_422_4wlh_pdb_KYNU_PLP_1.dlg	-14.41	14	-14.41	14	-7.38	14	-7.38	14	-7.52	64	-6.23	-7.52	64	1	67
P19113_2_477_4e1o.1.A_swissmodel_KYNU_PLP_1.dlg	-14.88	39	-14.88	39	-7.07	39	-7.07	39	-7.07	39	-6.27	-7.98	70	1	26
P34896_8_483_1eji.1.D_swissmodel_KYNU_PLP_3.dlg	-10.48	75	-9.87	17	-6.27	75	-5.95	17	-6.63	23	-5.75	-6.75	11	2	33
Q8TD30_49_523_3ihj_pdb_KYNU_PLP_1.dlg	-11.9	58	-11.42	70	-4.4	58	-4.54	70	-6.06	69	-4.65	-6.47	55	5	14
Q9HD40_1_501_4zdp_pdb_KYNU_PLP_3.dlg	-14.07	67	-13.32	58	-6.7	67	-6.04	58	-7.37	46	-5.59	-7.79	26	2	19
Q6ZQY3_35_521_2jis.1.A_swissmodel_KYNU_PLP_1.dlg	-12.32	32	-12.32	32	-6.7	32	-6.7	32	-6.87	66	-6.41	-6.87	66	1	19
P11926_7_427_1d7k.1.A_swissmodel_KYNU_PLP_1.dlg	-11.47	71	-10.44	10	-5.71	71	-6.51	10	-6.51	10	-5.16	-6.51	10	3	21
P06737_1_847_1l5s_pdb_KYNU_PLP_2.dlg	-13.14	32	-11.92	50	-7.05	32	-7.39	50	-8.41	9	-6.69	-8.72	69	5	20
Q8NHS2_5_399_3wzf.1.A_swissmodel_KYNU_PLP_1.dlg	-12.38	70	-12.38	70	-6.57	70	-6.57	70	-7.11	99	-6.65	-7.11	99	1	7
P32929_10_399_3cog.1.A_swissmodel_KYNU_PLP_3.dlg	-6.58	16	-3.09	10	-4.15	16	-5.11	10	-6.25	69	-2.6	-6.87	23	3	28
Q9GZT4_1_340_3l6r_pdb_KYNU_PLP_2.dlg	-12.04	22	-11.1	65	-6.84	22	-6.73	65	-7.4	14	-6.57	-7.4	14	4	18
P34896_11_480_1bj4_pdb_KYNU_PLP_1.dlg	-10.77	49	-10.21	96	-5.52	49	-6.48	96	-6.48	96	-5.47	-6.48	96	3	9
Q9Y697_56_457_5usr.1.A_swissmodel_KYNU_PLP_2.dlg	-11.9	34	-11.77	11	-5.07	34	-6.66	11	-7.42	47	-6.87	-7.42	47	2	11
Q16773_1_422_1w7l_pdb_KYNU_PLP_1.dlg	-13.99	84	-13.99	84	-6.73	84	-6.73	84	-6.93	48	-6.02	-7.07	16	1	46
Q9HD40_1_501_4zdp_pdb_KYNU_PLP_4.dlg	-16.04	24	-16.04	24	-8.45	24	-8.45	24	-9.07	89	-6.82	-9.07	89	1	37
O15382_28_392_5i5t_pdb_KYNU_PLP_1.dlg	-15.16	69	-15.16	69	-6.91	69	-6.91	69	-7.22	88	-6.35	-7.8	44	1	28
O15270_112_537_4bmk.1.A_swissmodel_KYNU_PLP_2.dlg	-14.1	3	-14.1	3	-7.0	3	-7.0	3	-7.8	9	-5.98	-7.8	9	1	57
Q6ZQY3_35_521_2jis.1.A_swissmodel_KYNU_PLP_2.dlg	-13.03	100	-13.03	100	-6.32	100	-6.32	100	-6.43	38	-5.89	-7.25	66	1	19
O75600_24_417_2jg2.1.A_swissmodel_KYNU_PLP_2.dlg	-12.57	72	-11.47	70	-6.18	72	-5.14	70	-5.26	8	-4.73	-7.66	53	3	14
P06737_1_847_1em6_pdb_KYNU_PLP_2.dlg	-13.53	24	-13.53	24	-8.69	24	-8.69	24	-9.23	2	-7.47	-9.23	2	1	19
P13196_189_573_3hqt.1.A_swissmodel_KYNU_PLP_1.dlg	-11.99	60	-11.99	60	-8.03	60	-8.03	60	-8.9	47	-7.28	-8.9	47	1	33
Q16773_1_422_4wlh_pdb_KYNU_PLP_2.dlg	-13.79	21	-13.79	21	-5.71	21	-5.71	21	-7.22	53	-5.64	-7.22	53	1	50
Q9HD40_19_462_4zdl.1.A_swissmodel_KYNU_PLP_4.dlg	-16.98	21	-15.59	92	-8.79	21	-7.33	92	-8.65	19	-7.48	-8.79	21	6	22
Q8N5Z0_2_425_2vgz_pdb_KYNU_PLP_1.dlg	-13.79	28	-12.95	68	-5.31	28	-5.58	68	-6.29	59	-5.36	-7.36	79	3	15
Q9HD40_1_501_3hl2_pdb_KYNU_PLP_4.dlg	-15.09	21	-14.76	71	-6.05	21	-6.66	71	-7.48	53	-5.8	-8.27	6	2	11
P20711_1_480_3rbl_pdb_KYNU_PLP_1.dlg	-11.7	99	-11.5	18	-7.12	99	-4.58	18	-5.6	36	-4.85	-7.53	6	2	13
Q9Y600_1_493_2jis_pdb_KYNU_PLP_2.dlg	-12.49	53	-12.27	76	-5.58	53	-6.77	76	-7.11	4	-6.04	-7.11	4	2	28
P06737_2_847_2ati_pdb_KYNU_PLP_1.dlg	-12.43	42	-11.99	7	-5.66	42	-6.36	7	-6.53	2	-5.77	-7.64	94	2	14
O15382_28_392_5i5y_pdb_KYNU_PLP_1.dlg	-14.28	98	-14.28	98	-6.25	98	-6.25	98	-7.03	75	-6.07	-7.27	33	1	23
Q99259_93_593_2okj.1.A_swissmodel_KYNU_PLP_2.dlg	-12.84	31	-11.73	21	-5.59	31	-6.51	21	-6.51	21	-5.58	-7.61	100	3	15
P13196_199_595_2bwp.1.A_swissmodel_KYNU_PLP_2.dlg	-10.03	37	-8.09	76	-5.33	37	-4.29	76	-4.95	48	-3.91	-6.15	84	4	15
O15382_28_392_2hgx_pdb_KYNU_PLP_1.dlg	-14.25	7	-13.48	27	-6.44	7	-7.52	27	-7.71	56	-6.6	-9.89	4	2	20
P06737_1_847_1l5q_pdb_KYNU_PLP_3.dlg	-13.38	87	-13.04	2	-6.96	87	-8.8	2	-8.88	1	-7.32	-8.98	15	2	14
O75600_41_418_3tqx.1.A_swissmodel_KYNU_PLP_2.dlg	-12.68	38	-12.68	38	-8.44	38	-8.44	38	-8.7	6	-7.5	-8.7	6	1	32
P34897_22_504_4pvf_pdb_KYNU_PLP_4.dlg	-11.82	15	-10.81	3	-6.82	15	-6.59	3	-8.03	97	-6.64	-8.2	41	3	29
P06737_1_847_1l5q_pdb_KYNU_PLP_4.dlg	-12.95	71	-12.27	11	-8.1	71	-7.67	11	-8.17	12	-6.66	-8.38	46	3	15
Q16773_1_422_1w7m_pdb_KYNU_PLP_1.dlg	-14.39	51	-14.39	51	-7.38	51	-7.38	51	-7.39	36	-6.02	-7.65	46	1	51
P32929_1_405_3elp_pdb_KYNU_PLP_1.dlg	-12.21	45	-10.96	66	-4.61	45	-4.76	66	-5.22	47	-4.42	-7.04	44	11	6
P04181_38_439_1gbn_pdb_KYNU_PLP_4.dlg	-11.37	72	-11.02	69	-6.96	72	-5.32	69	-6.09	32	-5.11	-7.07	53	4	34
P17174_2_413_3wzf_pdb_KYNU_PLP_1.dlg	-14.23	70	-14.04	6	-9.35	70	-4.35	6	-5.66	94	-4.74	-9.51	38	2	14
P04181_1_439_1oat_pdb_KYNU_PLP_2.dlg	-9.5	18	-9.5	18	-5.78	18	-5.78	18	-5.94	53	-5.07	-6.85	25	1	18
P20711_1_480_3rch_pdb_KYNU_PLP_1.dlg	-10.45	21	-10.45	21	-5.84	21	-5.84	21	-6.04	71	-5.48	-6.58	93	1	32
P06737_24_832_3ceh_pdb_KYNU_PLP_1.dlg	-12.51	76	-11.5	80	-6.83	76	-6.47	80	-7.63	100	-6.36	-8.27	11	6	15
P11926_1_461_2oo0_pdb_KYNU_PLP_2.dlg	-9.69	37	-9.12	71	-5.79	37	-5.48	71	-5.99	36	-4.57	-6.82	18	2	22
O15382_28_392_1kt8_pdb_KYNU_PLP_1.dlg	-15.1	60	-15.1	60	-7.62	60	-7.62	60	-7.7	45	-6.9	-8.24	68	1	56
P04181_38_439_1gbn_pdb_KYNU_PLP_3.dlg	-11.52	31	-11.52	31	-5.3	31	-5.3	31	-5.74	86	-4.94	-7.29	56	1	28
P17735_41_444_3dyd.1.A_swissmodel_KYNU_PLP_1.dlg	-12.32	50	-9.2	88	-4.17	50	-2.52	88	-2.62	75	-2.29	-7.37	42	15	13
Q9Y697_67_457_5kz5_pdb_KYNU_PLP_3.dlg
O15382_28_392_5i5u_pdb_KYNU_PLP_2.dlg	-15.62	28	-15.62	28	-7.55	28	-7.55	28	-8.28	4	-6.76	-8.84	27	1	42
P54687_1_386_2coj_pdb_KYNU_PLP_2.dlg	-14.62	53	-14.62	53	-6.94	53	-6.94	53	-7.75	37	-6.04	-7.96	65	1	51
Q9NUV7_105_529_4bmk.1.A_swissmodel_KYNU_PLP_1.dlg	-14.7	40	-14.7	40	-6.48	40	-6.48	40	-8.25	20	-6.12	-8.25	20	1	86
P06737_2_847_3ddw_pdb_KYNU_PLP_1.dlg	-12.63	13	-11.44	62	-6.31	13	-6.52	62	-6.95	88	-5.52	-8.52	21	5	19
O15382_28_392_1ekp_pdb_KYNU_PLP_1.dlg	-14.04	71	-13.82	77	-6.09	71	-6.73	77	-7.12	72	-6.37	-8.09	79	3	24
P06737_1_847_1l5r_pdb_KYNU_PLP_2.dlg	-12.96	51	-12.11	45	-6.88	51	-7.76	45	-7.98	88	-6.94	-8.46	69	6	21
Q96GA7_11_328_2rkb_pdb_KYNU_PLP_2.dlg	-13.53	11	-13.53	11	-5.02	11	-5.02	11	-6.14	41	-5.35	-7.85	47	1	14
P06737_24_832_3cem_pdb_KYNU_PLP_1.dlg	-14.25	29	-11.29	32	-6.92	29	-6.12	32	-6.46	5	-5.85	-8.4	6	9	15
Q6YP21_41_450_3e2y.1.A_swissmodel_KYNU_PLP_1.dlg	-18.25	26	-18.25	26	-8.71	26	-8.71	26	-8.97	91	-7.68	-8.97	91	1	37
Q96QU6_63_482_1ynu.1.A_swissmodel_KYNU_PLP_2.dlg	-13.42	33	-12.63	68	-5.82	33	-6.59	68	-7.69	34	-6.15	-7.69	34	3	20
P11926_1_461_2on3_pdb_KYNU_PLP_1.dlg	-11.07	21	-11.07	21	-4.47	21	-4.47	21	-5.18	20	-4.36	-6.65	15	1	14
Q9HD40_1_501_4zdp_pdb_KYNU_PLP_2.dlg	-16.24	4	-16.24	4	-8.96	4	-8.96	4	-9.14	12	-7.04	-9.14	12	1	30
P19113_2_477_4e1o.1.A_swissmodel_KYNU_PLP_2.dlg	-14.19	4	-14.19	4	-6.82	4	-6.82	4	-7.06	31	-6.26	-7.84	6	1	38
Q6ZQY3_35_520_5hsj.1.A_swissmodel_KYNU_PLP_2.dlg	-11.65	23	-11.17	58	-5.94	23	-6.41	58	-6.86	70	-6.32	-6.86	70	3	17
Q05329_88_584_2okk.1.A_swissmodel_KYNU_PLP_2.dlg	-11.94	34	-10.72	76	-7.91	34	-7.32	76	-8.35	73	-6.88	-8.35	73	4	10
P34897_43_504_4pvf.1.A_swissmodel_KYNU_PLP_3.dlg	-9.75	82	-9.44	98	-7.15	82	-7.0	98	-7.55	76	-6.31	-7.97	20	3	28
O15382_28_392_5cr5_pdb_KYNU_PLP_2.dlg	-14.33	55	-11.93	63	-5.39	55	-4.0	63	-5.76	48	-4.34	-7.47	11	7	16
P06737_1_847_1l7x_pdb_KYNU_PLP_4.dlg	-12.79	4	-12.79	75	-7.06	4	-7.96	75	-8.11	83	-6.38	-8.44	21	2	26
Q9Y697_67_457_5kz5_pdb_KYNU_PLP_12.dlg
P20711_1_383_1js6.1.A_swissmodel_KYNU_PLP_1.dlg	-11.76	49	-11.53	66	-5.81	49	-6.07	66	-7.67	43	-6.31	-8.07	24	3	16
Q16773_1_422_1w7l_pdb_KYNU_PLP_2.dlg	-13.82	90	-13.82	90	-6.74	90	-6.74	90	-6.74	90	-5.86	-7.09	38	1	25
O15382_28_392_5i5w_pdb_KYNU_PLP_2.dlg	-14.27	60	-11.9	68	-7.14	60	-5.3	68	-6.13	28	-4.99	-7.89	44	7	23
O15382_28_392_5bww_pdb_KYNU_PLP_1.dlg	-14.95	10	-14.95	10	-6.44	10	-6.44	10	-6.61	53	-5.99	-8.27	41	1	20
Q9HD40_1_501_4zdp_pdb_KYNU_PLP_1.dlg	-13.58	25	-13.31	51	-6.87	25	-7.66	51	-7.66	51	-6.18	-7.75	88	2	24
O15382_28_392_2hgx_pdb_KYNU_PLP_2.dlg	-15.17	18	-12.59	69	-9.14	18	-6.56	69	-7.26	91	-6.31	-10.44	90	5	14
P06737_24_832_3cej_pdb_KYNU_PLP_2.dlg	-12.94	28	-12.47	8	-5.53	28	-8.49	8	-8.63	50	-7.64	-8.63	50	3	15
P11216_1_843_5iko_pdb_KYNU_PLP_4.dlg	-15.22	65	-13.57	28	-6.57	65	-5.02	28	-6.62	2	-5.51	-7.95	5	4	21
P32929_1_402_3cog_pdb_KYNU_PLP_3.dlg	-7.55	53	-2.49	5	-3.7	53	-4.68	5	-5.89	92	-3.37	-6.25	97	4	25
Q4AC99_168_554_3ath.1.A_swissmodel_KYNU_PLP_2.dlg	-9.97	57	-9.97	57	-5.19	57	-5.19	57	-5.19	57	-3.69	-6.23	1	1	17
P11216_22_840_5iko.1.A_swissmodel_KYNU_PLP_2.dlg	-14.06	18	-14.06	18	-6.23	18	-6.23	18	-7.06	50	-6.25	-7.54	99	1	22
Q16773_1_422_4wlj_pdb_KYNU_PLP_2.dlg	-17.29	60	-15.68	37	-8.08	60	-7.55	37	-7.79	95	-6.74	-8.9	74	2	52
Q8N5Z0_1_425_4geb_pdb_KYNU_PLP_1.dlg	-14.91	62	-14.91	62	-4.78	62	-4.78	62	-6.95	76	-5.68	-8.04	97	1	40
Q16773_3_421_4ge9.1.A_swissmodel_KYNU_PLP_1.dlg	-5.59	82	-3.31	41	-4.1	82	-0.4	41	-0.4	41	4.0	-4.84	100	10	9
P13196_189_573_3hqt.1.A_swissmodel_KYNU_PLP_2.dlg	-11.11	20	-11.11	20	-4.59	20	-4.59	20	-5.74	31	-4.83	-7.41	82	1	42
O15382_28_392_5bwu_pdb_KYNU_PLP_2.dlg	-15.47	41	-15.47	41	-7.47	41	-7.47	41	-7.61	32	-6.8	-9.02	37	1	25
Q16773_1_422_3fvu_pdb_KYNU_PLP_1.dlg	-14.2	2	-14.2	2	-7.2	2	-7.2	2	-8.05	15	-6.74	-8.05	15	1	36
Q9BYV1_65_508_5g4i.1.A_swissmodel_KYNU_PLP_1.dlg	-10.79	4	-10.31	47	-4.79	4	-4.99	47	-4.99	47	-4.49	-5.5	25	3	23
P34897_43_504_4pvf.1.A_swissmodel_KYNU_PLP_1.dlg	-10.91	53	-10.91	53	-4.61	53	-4.61	53	-4.91	94	-4.36	-7.63	96	1	17
P04181_38_439_2can_pdb_KYNU_PLP_2.dlg	-11.6	48	-10.6	80	-5.07	48	-5.58	80	-6.1	83	-5.22	-8.42	13	6	41
P32929_10_399_3cog.1.A_swissmodel_KYNU_PLP_4.dlg	-5.57	24	-3.66	11	-3.78	24	-6.47	11	-6.47	11	-3.49	-6.51	1	3	20
Q9HD40_19_462_4zdl.1.A_swissmodel_KYNU_PLP_1.dlg	-15.93	87	-15.29	55	-8.09	87	-7.91	55	-7.91	55	-7.29	-8.34	93	2	11
O75600_24_417_2jg2.1.A_swissmodel_KYNU_PLP_1.dlg	-12.16	87	-12.16	87	-5.84	87	-5.84	87	-6.44	8	-5.74	-6.96	80	1	18
Q9HD40_1_501_3hl2_pdb_KYNU_PLP_2.dlg	-15.25	12	-15.25	12	-5.73	12	-5.73	12	-6.91	1	-6.07	-8.47	6	1	10
P11216_1_843_5iko_pdb_KYNU_PLP_3.dlg	-14.27	36	-13.78	75	-6.23	36	-7.12	75	-7.71	2	-6.83	-8.0	63	2	26
Q16719_6_460_2hzp.1.A_swissmodel_KYNU_PLP_1.dlg	-10.46	93	-9.63	64	-4.51	93	-7.09	64	-7.33	81	-7.13	-7.38	50	2	19
P21549_1_392_4i8a_pdb_KYNU_PLP_2.dlg	-8.6	99	-8.6	99	-4.8	99	-4.8	99	-6.09	26	-3.64	-6.09	26	1	25
P04181_1_439_1oat_pdb_KYNU_PLP_1.dlg	-9.85	3	-9.85	3	-6.6	3	-6.6	3	-6.6	3	-5.8	-7.16	93	1	16
P04181_1_439_2byl_pdb_KYNU_PLP_1.dlg	-10.96	33	-10.54	89	-6.77	33	-4.52	89	-6.04	4	-4.23	-7.32	50	4	24
P06737_1_847_2zb2_pdb_KYNU_PLP_2.dlg	-13.18	57	-12.86	32	-5.29	57	-7.78	32	-7.8	95	-7.06	-7.8	95	2	18
Q99259_93_594_2okj_pdb_KYNU_PLP_2.dlg	-12.86	67	-10.97	55	-5.1	67	-6.22	55	-7.79	80	-5.9	-7.89	42	7	26
P17735_51_442_4ge9.1.A_swissmodel_KYNU_PLP_1.dlg	-9.52	36	-8.41	83	-5.35	36	-6.81	83	-6.98	86	-5.82	-6.98	86	4	33
Q9Y697_67_457_5kz5_pdb_KYNU_PLP_10.dlg
P11926_2_421_4zgy_pdb_KYNU_PLP_1.dlg	-12.39	42	-12.39	42	-6.75	42	-6.75	42	-6.79	46	-6.1	-7.69	32	1	10
O15382_28_392_5i5v_pdb_KYNU_PLP_1.dlg	-14.39	86	-14.39	86	-6.9	86	-6.9	86	-6.9	86	-6.15	-8.45	16	1	19
P80404_39_499_4y0d.1.A_swissmodel_KYNU_PLP_1.dlg	-13.85	43	-13.14	51	-7.51	43	-6.76	51	-7.97	75	-6.65	-8.03	20	2	48
Q8N5Z0_1_425_4geb_pdb_KYNU_PLP_2.dlg	-16.04	76	-16.04	76	-6.3	76	-6.3	76	-7.24	74	-6.04	-8.52	99	1	43
P04181_38_439_1gbn_pdb_KYNU_PLP_2.dlg	-11.35	97	-11.24	94	-6.22	97	-5.59	94	-5.66	82	-4.98	-7.37	34	2	19
P21549_1_392_1h0c_pdb_KYNU_PLP_1.dlg	-12.65	47	-12.65	47	-6.95	47	-6.95	47	-7.73	73	-6.25	-8.27	24	1	39
Q8N5Z0_1_425_3dc1_pdb_KYNU_PLP_2.dlg	-12.47	28	-12.47	28	-5.51	28	-5.51	28	-6.46	48	-5.16	-8.1	93	1	20
O15382_28_392_5bwx_pdb_KYNU_PLP_1.dlg	-14.8	51	-14.8	51	-6.3	51	-6.3	51	-7.16	47	-6.23	-8.01	73	1	24
Q16773_1_422_3fvs_pdb_KYNU_PLP_2.dlg	-14.4	84	-14.4	84	-6.38	84	-6.38	84	-7.73	34	-6.38	-7.91	47	1	65
Q9HD40_1_501_4zdo_pdb_KYNU_PLP_3.dlg	-13.79	62	-12.63	64	-4.76	62	-5.4	64	-6.91	78	-5.43	-7.44	47	4	16
Q9GZT4_1_340_3l6r_pdb_KYNU_PLP_1.dlg	-11.63	77	-11.19	60	-6.17	77	-6.24	60	-7.18	33	-6.42	-7.75	55	4	24
Q8IYQ7_1kl7.1.A_227_740_KYNU_PLP_2.dlg	-11.17	46	-11.17	46	-5.51	46	-5.51	46	-5.51	46	-4.72	-7.25	26	1	23
P22557_151_541_2bwp.1.A_swissmodel_KYNU_PLP_1.dlg	-9.22	39	-7.39	32	-6.33	39	-4.81	32	-5.06	69	-3.33	-6.48	98	2	31
P32929_1_405_3elp_pdb_KYNU_PLP_2.dlg	-10.66	49	-10.33	88	-3.46	49	-3.69	88	-3.93	44	-3.57	-7.26	21	2	8
O15382_28_392_5bwv_pdb_KYNU_PLP_2.dlg	-15.09	87	-15.09	87	-7.63	87	-7.63	87	-8.09	52	-6.93	-8.09	52	1	25
P11217_13_837_3zcp.1.A_swissmodel_KYNU_PLP_2.dlg	-13.74	12	-13.74	12	-7.22	12	-7.22	12	-7.68	18	-6.8	-8.08	67	1	17
P22557_194_547_1fc4.1.A_swissmodel_KYNU_PLP_1.dlg	-12.95	75	-12.95	75	-5.35	75	-5.35	75	-5.93	83	-4.31	-5.93	83	1	86
P54687_21_386_2abj.1.A_swissmodel_KYNU_PLP_2.dlg	-12.3	95	-12.3	95	-6.92	95	-6.92	95	-6.93	37	-5.94	-7.0	2	1	18
Q96GA7_11_328_2rkb.1.A_swissmodel_KYNU_PLP_1.dlg	-13.19	65	-13.19	65	-6.14	65	-6.14	65	-6.66	50	-5.41	-7.93	94	1	14
P24298_19_495_3tcm.1.A_swissmodel_KYNU_PLP_2.dlg	-3.9	49	-3.9	25	-1.97	49	-4.21	25	-4.21	25	-1.0	-6.99	90	2	13
P34897_22_504_4pvf_pdb_KYNU_PLP_3.dlg	-12.35	5	-12.35	5	-6.65	5	-6.65	5	-7.51	57	-6.35	-8.09	8	1	31
O15382_28_392_1ekf_pdb_KYNU_PLP_2.dlg	-15.24	88	-13.47	2	-6.37	88	-6.33	2	-6.33	2	-5.3	-8.41	20	2	21
P21549_1_392_4cbs_pdb_KYNU_PLP_1.dlg	-8.89	31	-8.89	31	-3.56	31	-3.56	31	-5.22	73	-2.45	-7.07	12	1	36
O15382_28_392_1ekp_pdb_KYNU_PLP_2.dlg	-14.4	46	-14.4	46	-6.75	46	-6.75	46	-6.96	56	-5.97	-8.94	86	1	32
O15382_28_392_5i5s_pdb_KYNU_PLP_1.dlg	-14.64	90	-14.64	90	-7.72	90	-7.72	90	-8.02	69	-6.83	-8.3	100	1	19
P32929_1_402_3cog_pdb_KYNU_PLP_2.dlg	-10.07	53	-9.8	4	-6.13	53	-6.59	4	-6.59	4	-5.6	-6.8	11	3	12
P20132_1_328_4h27_pdb_KYNU_PLP_1.dlg	-12.02	47	-11.52	88	-6.52	47	-5.04	88	-5.43	90	-5.13	-7.8	43	5	9
O15382_28_392_1ekv_pdb_KYNU_PLP_2.dlg	-15.29	31	-14.75	75	-7.55	31	-7.13	75	-7.67	38	-6.37	-8.96	53	2	38
P04181_1_439_2oat_pdb_KYNU_PLP_4.dlg	-12.83	53	-11.04	85	-6.73	53	-5.26	85	-6.35	71	-5.43	-7.76	8	2	33
Q8TBG4_7_438_4ysn.1.A_swissmodel_KYNU_PLP_3.dlg	-3.79	26	-3.79	26	-3.45	26	-3.45	26	-3.99	40	-1.53	-4.92	85	1	11
Q9GZT4_3_329_3l6r.1.A_swissmodel_KYNU_PLP_1.dlg	-11.56	6	-11.56	6	-5.89	6	-5.89	6	-6.72	67	-5.41	-7.67	79	1	23
O15382_28_392_2a1h_pdb_KYNU_PLP_1.dlg	-15.66	94	-15.66	94	-6.9	94	-6.9	94	-6.9	94	-5.84	-9.3	68	1	29
P11926_1_461_5bwa_pdb_KYNU_PLP_1.dlg	-13.09	29	-13.09	29	-5.04	29	-5.04	29	-5.43	19	-4.62	-8.53	65	1	19
P23378_53_1006_4lgl.1.A_swissmodel_KYNU_PLP_1.dlg	-10.04	10	-9.39	71	-5.26	10	-4.42	71	-5.37	97	-4.39	-6.14	87	2	22
Q16773_1_422_4wp0_pdb_KYNU_PLP_2.dlg	-13.87	92	-13.87	92	-7.33	92	-7.33	92	-8.07	8	-6.18	-8.07	8	1	42
P00505_32_430_5ax8.2.B_swissmodel_KYNU_PLP_2.dlg	-13.31	73	-13.31	73	-4.53	73	-4.53	73	-4.76	11	-4.09	-9.52	77	1	13
Q8N5Z0_1_425_3dc1_pdb_KYNU_PLP_1.dlg	-14.39	54	-14.39	54	-6.57	54	-6.57	54	-6.92	50	-5.8	-8.03	17	1	36
P13196_199_595_2bwp.1.A_swissmodel_KYNU_PLP_1.dlg	-7.94	80	-7.33	19	-5.47	80	-4.46	19	-5.93	78	-3.71	-5.97	41	2	38
Q8NHS2_5_399_3wzf.1.A_swissmodel_KYNU_PLP_2.dlg	-10.88	6	-9.17	42	-4.04	6	-5.09	42	-5.3	52	-4.75	-7.32	94	9	8
P32929_10_399_3cog.1.A_swissmodel_KYNU_PLP_1.dlg	-5.74	83	-5.74	83	-1.09	83	-1.09	83	-1.96	44	0.83	-7.03	55	1	14
Q8N5Z0_1_425_5eun_pdb_KYNU_PLP_1.dlg	-12.52	51	-12.45	71	-2.53	51	-3.62	71	-4.84	18	-2.99	-8.81	12	2	33
Q9HD40_1_501_3hl2_pdb_KYNU_PLP_1.dlg	-14.94	57	-14.94	57	-7.42	57	-7.42	57	-7.68	43	-6.44	-8.18	12	1	19
Q9Y697_67_457_5kz5_pdb_KYNU_PLP_1.dlg
P80404_39_499_4y0d.1.A_swissmodel_KYNU_PLP_2.dlg	-13.44	49	-13.44	49	-7.42	49	-7.42	49	-7.53	20	-6.27	-7.66	80	1	53
P34897_43_504_4pvf.1.A_swissmodel_KYNU_PLP_2.dlg	-11.08	27	-10.38	17	-5.4	27	-6.94	17	-6.94	17	-5.76	-6.94	17	2	16
Q8N5Z0_1_425_3ue8_pdb_KYNU_PLP_2.dlg	-13.8	85	-13.59	12	-5.87	85	-6.26	12	-6.61	36	-5.62	-8.28	63	2	41
Q9HD40_1_501_4zdo_pdb_KYNU_PLP_1.dlg	-13.15	87	-12.62	1	-5.36	87	-4.94	1	-6.63	37	-4.86	-7.54	90	4	13
P22557_151_541_2bwp.1.A_swissmodel_KYNU_PLP_2.dlg	-9.13	58	-8.2	24	-5.31	58	-4.43	24	-4.43	24	-3.55	-6.2	67	5	17
Q9HD40_1_501_4zdl_pdb_KYNU_PLP_3.dlg	-14.24	35	-13.77	33	-7.36	35	-7.23	33	-7.54	96	-6.92	-8.01	77	3	16
Q16773_1_422_1w7m_pdb_KYNU_PLP_2.dlg	-14.71	13	-14.71	13	-8.01	13	-8.01	13	-8.01	13	-5.91	-8.01	13	1	42
P06737_1_847_1exv_pdb_KYNU_PLP_1.dlg	-13.09	22	-12.63	11	-7.25	22	-8.31	11	-8.34	80	-7.58	-8.34	80	3	15
Q99259_90_594_3vp6_pdb_KYNU_PLP_2.dlg	-12.76	54	-12.27	19	-6.68	54	-5.2	19	-6.63	40	-5.33	-7.62	49	3	21
O15382_28_392_5i5u_pdb_KYNU_PLP_1.dlg	-15.39	6	-15.39	6	-7.25	6	-7.25	6	-7.92	80	-6.49	-8.47	74	1	36
Q9Y697_56_457_5usr.1.A_swissmodel_KYNU_PLP_1.dlg	-10.6	66	-10.6	66	-6.43	66	-6.43	66	-7.61	4	-5.69	-7.61	4	1	14
Q16773_1_422_1w7n_pdb_KYNU_PLP_1.dlg	-16.98	9	-16.98	9	-6.44	9	-6.44	9	-7.34	14	-5.83	-7.34	14	1	81
P21549_1_392_4cbr_pdb_KYNU_PLP_1.dlg	-12.84	6	-12.84	6	-7.23	6	-7.23	6	-8.38	30	-6.57	-8.38	30	1	59
P17735_41_444_3dyd_pdb_KYNU_PLP_1.dlg	-11.82	39	-11.82	39	-4.77	39	-4.77	39	-4.9	14	-3.99	-7.08	1	1	12
Q99259_90_594_3vp6_pdb_KYNU_PLP_1.dlg	-13.15	20	-10.33	30	-3.97	20	-4.21	30	-5.61	80	-4.17	-7.38	46	3	13
Q8IUZ5_10_438_5g4i.1.A_swissmodel_KYNU_PLP_2.dlg	-13.68	33	-13.66	93	-8.61	33	-6.03	93	-6.03	93	-4.93	-9.64	73	2	11
Q8IUZ5_10_438_5g4i.1.A_swissmodel_KYNU_PLP_1.dlg	-13.68	97	-12.83	42	-5.24	97	-4.56	42	-4.69	86	-4.42	-8.48	72	6	8
P06737_1_847_1l5r_pdb_KYNU_PLP_3.dlg	-12.9	38	-11.91	30	-6.57	38	-6.57	30	-6.57	30	-5.73	-8.53	77	5	21
Q8N5Z0_1_425_4ge9_pdb_KYNU_PLP_2.dlg	-14.56	72	-14.56	72	-6.27	72	-6.27	72	-7.42	5	-6.41	-8.06	2	1	32
P21549_1_392_4kyo_pdb_KYNU_PLP_1.dlg	-7.41	43	-7.41	43	-6.04	43	-6.04	43	-6.25	86	-4.98	-7.16	76	1	21
Q9HD40_1_501_4zdl_pdb_KYNU_PLP_4.dlg	-15.67	99	-15.14	68	-7.37	99	-7.03	68	-7.74	5	-6.72	-7.79	52	2	19
P32929_1_402_3cog_pdb_KYNU_PLP_4.dlg	-5.89	55	-3.38	59	-4.02	55	-6.2	59	-7.18	27	-3.95	-7.18	27	3	27
O75600_41_418_3tqx.1.A_swissmodel_KYNU_PLP_1.dlg	-12.73	80	-12.73	80	-8.11	80	-8.11	80	-8.11	80	-6.88	-8.32	98	1	32
